Structure,bandgap
AgBaAuCdO6,0
AgBaAuHgO6,0
AgBaMoCdO6,0
AgBiO3,0
AgBrO3,0.1524
AgCaRePtO6,0
AgCdAuTaO6,0
AgCdAuTiO6,0
AgCdReAuO6,0.0215
AgCsReAuO6,0.0005
AgCsTaAuO6,0
AgCsZrSnO6,0
AgCsZrTeO6,1.5453
AgCuReAuO6,0
AgEuReAuO6,0
AgEuTiAuO6,0
AgEuWMgO6,0
AgHfO3,0
AgHgAuTaO6,0
AgHgAuTiO6,0
AgHgReAuO6,0.0338
AgHgWAlO6,0.0315
AgIrO3,0
AgKReAuO6,0
AgKTaAuO6,0
AgLiAuTaO6,0
AgMgFe2O6,0
AgMgReAuO6,0
AgMgW2O6,0
AgMnReAuO6,0
AgMoO3,0
AgNaReAuO6,0
AgNbO3,1.3336
AgNO3,0
AgOsO3,0
AgPbO3,0
AgPbWAlO6,2.0298
AgPdAuTiO6,0
AgPdO3,0
AgPdReAuO6,0
AgPO3,0
AgPtO3,0
AgRbReAuO6,0.0277
AgRbTaAuO6,0
AgReO3,0
AgRhO3,0
AgRuO3,0
AgSbO3,0.0946
AgSnO3,0
AgTaO3,1.7306
AgTcO3,0
AgTiO3,0
AgTlAuTaO6,0
AgTlAuTiO6,0
AgTlHfNiO6,0
AgTlHfPtO6,0
AgTlHfSiO6,0
AgTlReAuO6,0
AgTlSbScO6,0.0137
AgVO3,0.0297
AgWO3,0
AgYbWMgO6,0
AgZnReAuO6,0.0415
AgZrO3,0
AlBO3,0
AsBO3,0.5587
AuAsO3,0
AuBaMnInO6,0.0058
AuCoO3,0
AuCrO3,0
AuFeO3,0
AuGaO3,0
AuIO3,0
AuMnO3,0
AuMoO3,0
AuNbO3,0.4446
AuNiO3,0
AuOsO3,0
AuReO3,0
AuSbO3,0
AuSmMnInO6,0
AuTaO3,0.4156
AuTcO3,0.0034
AuWO3,0
Ba2AlNbO6,2.7926
Ba2AsTmO6,2.8158
Ba2AuCeO6,0
Ba2AuDyO6,1.4181
Ba2AuErO6,1.3331
Ba2AuEuO6,0
Ba2AuGdO6,1.4011
Ba2AuHoO6,1.3898
Ba2AuLaO6,1.6354
Ba2AuLuO6,1.1592
Ba2AuNdO6,1.5054
Ba2AuPmO6,1.4824
Ba2AuPrO6,1.5275
Ba2AuScO6,1.0544
Ba2AuSmO6,1.4711
Ba2AuTaO6,0.1045
Ba2AuTbO6,1.4293
Ba2AuTiO6,0.054
Ba2AuTmO6,1.2644
Ba2AuYbO6,0
Ba2AuYO6,1.4209
Ba2BiCeO6,0
Ba2BiCrO6,0.0393
Ba2BiDyO6,1.7331
Ba2BiIrO6,0
Ba2BiNbO6,2.1098
Ba2BiPrO6,1.7796
Ba2BiRuO6,0.0008
Ba2BiTmO6,1.5339
Ba2BiVO6,1.1225
Ba2BiYbO6,0
Ba2CaMoO6,2.258
Ba2CaReO6,0
Ba2CaWO6,3.183
Ba2CdMoO6,2.5376
Ba2CdOsO6,0
Ba2CdReO6,0
Ba2CdTeO6,0.7433
Ba2CeIrO6,0
Ba2CePtO6,1.4204
Ba2CeSnO6,2.1444
Ba2CeTaO6,0
Ba2CoIrO6,0
Ba2CoMoO6,0
Ba2CoReO6,0.1982
Ba2CoTaO6,1.5328
Ba2CoTeO6,0
Ba2CoWO6,0
Ba2CrEuO6,0
Ba2CrGdO6,0
Ba2CrLaO6,0.4783
Ba2CrOsO6,0
Ba2CrPrO6,0
Ba2CrReO6,0
Ba2CrTaO6,1.1131
Ba2CrTlO6,0
Ba2CrTmO6,0
Ba2CuOsO6,0
Ba2CuTeO6,0
Ba2DyOsO6,0
Ba2DyReO6,0
Ba2DySbO6,3.4688
Ba2DyTaO6,3.3837
Ba2DyWO6,0
Ba2ErBiO6,1.6093
Ba2ErIrO6,0
Ba2ErMoO6,0
Ba2ErOsO6,0
Ba2ErRuO6,0.0716
Ba2ErSbO6,3.3776
Ba2ErTaO6,3.3934
Ba2EuBiO6,0
Ba2EuMoO6,0.0479
Ba2EuNbO6,0
Ba2EuOsO6,0
Ba2EuRuO6,0
Ba2EuSbO6,0
Ba2EuTaO6,0
Ba2FeBiO6,0.0125
Ba2FeMoO6,0
Ba2FeNbO6,1.455
Ba2FeOsO6,0
Ba2FeSbO6,0.4621
Ba2FeTaO6,1.8623
Ba2FeWO6,0
Ba2GaNbO6,3.0858
Ba2GdBiO6,1.5941
Ba2GdMoO6,0.0706
Ba2GdNbO6,2.6644
Ba2GdReO6,0
Ba2GdSbO6,3.4839
Ba2GdTaO6,3.2148
Ba2GdWO6,0
Ba2HfSeO6,2.5301
Ba2HfSiO6,4.0303
Ba2HfSnO6,3.6238
Ba2HfTaO6,0.0784
Ba2HfTbO6,0
Ba2HfTiO6,2.3047
Ba2HfZrO6,3.2399
Ba2HoBiO6,1.6702
Ba2HoIrO6,0
Ba2HoOsO6,0
Ba2HoRuO6,0.076
Ba2HoSbO6,3.4155
Ba2HoTaO6,3.3782
Ba2IGaO6,0.6349
Ba2InBiO6,0.208
Ba2InIrO6,0
Ba2InNbO6,3.3486
Ba2InOsO6,0.4224
Ba2InReO6,0
Ba2InRuO6,0
Ba2InSbO6,0.524
Ba2InTaO6,3.9459
Ba2IrDyO6,0
Ba2IrEuO6,0
Ba2IrLaO6,0
Ba2IrLuO6,0
Ba2IrNdO6,0
Ba2IrPmO6,0
Ba2IrTmO6,0
Ba2IrYO6,0
Ba2LaBiO6,1.7697
Ba2LaRuO6,0
Ba2LaSbO6,3.8812
Ba2LaTaO6,3.4492
Ba2LiIO6,0
Ba2LiOsO6,0
Ba2LiReO6,1.8198
Ba2MgMoO6,2.2648
Ba2MgOsO6,0
Ba2MgTeO6,1.7447
Ba2MnIrO6,0
Ba2MnLaO6,0
Ba2MnMoO6,1.2654
Ba2MnNbO6,0
Ba2MnOsO6,0
Ba2MnPrO6,0
Ba2MnRuO6,0
Ba2MnTaO6,0
Ba2MnTeO6,0.9486
Ba2MnWO6,2.2267
Ba2MoCrO6,0
Ba2MoDyO6,0
Ba2MoInO6,0
Ba2MoLuO6,0
Ba2MoZnO6,2.3852
Ba2NaIO6,2.2417
Ba2NaOsO6,0
Ba2NaReO6,1.8688
Ba2NbCeO6,0
Ba2NbDyO6,2.8514
Ba2NbErO6,2.8542
Ba2NbHoO6,2.8516
Ba2NbLaO6,2.9716
Ba2NbLuO6,2.8479
Ba2NbNdO6,2.9195
Ba2NbScO6,2.5719
Ba2NbSmO6,2.9075
Ba2NbTlO6,2.0997
Ba2NbTmO6,2.8502
Ba2NbYO6,2.8514
Ba2NdBiO6,1.7565
Ba2NdMoO6,0
Ba2NdOsO6,0
Ba2NdReO6,0
Ba2NdRuO6,0.1258
Ba2NdSbO6,3.6649
Ba2NdTaO6,3.3164
Ba2NdWO6,1.7938
Ba2NiMoO6,2.3514
Ba2NiNbO6,0
Ba2NiReO6,0
Ba2NiTeO6,0
Ba2NiWO6,3.3409
Ba2OsCaO6,0
Ba2OsCoO6,0
Ba2OsGdO6,0.1217
Ba2OsLaO6,0
Ba2OsLuO6,0
Ba2OsNiO6,0
Ba2OsPmO6,0
Ba2OsSrO6,0
Ba2OsTbO6,0
Ba2OsYO6,0.0551
Ba2PbMoO6,0.7948
Ba2PrIrO6,0
Ba2PrNbO6,2.8965
Ba2PrOsO6,0
Ba2PrPtO6,0
Ba2PrRuO6,0.1345
Ba2PrSbO6,3.6484
Ba2PrSiO6,0
Ba2PrSnO6,0
Ba2PrTaO6,3.3056
Ba2PrWO6,1.8049
Ba2PtErO6,0
Ba2PtHoO6,0
Ba2PtLuO6,0
Ba2PtScO6,0
Ba2PtTaO6,0
Ba2ReAuO6,0.0265
Ba2ReErO6,0
Ba2ReFeO6,0
Ba2ReHoO6,0
Ba2ReLaO6,0
Ba2ReLuO6,0
Ba2ReMgO6,0
Ba2ReMnO6,0
Ba2RhLuO6,0
Ba2RhNbO6,0.8889
Ba2RhRuO6,0
Ba2RhTmO6,0
Ba2RuDyO6,0
Ba2RuLuO6,0.0556
Ba2RuTmO6,0.0645
Ba2RuYbO6,0
Ba2SbBiO6,1.7228
Ba2SbCoO6,0
Ba2SbGaO6,0
Ba2SbRhO6,0.0295
Ba2SbTaO6,1.7457
Ba2SbTbO6,3.5072
Ba2SbTlO6,0
Ba2ScBiO6,1.4499
Ba2ScIrO6,0
Ba2ScMoO6,0.0055
Ba2ScOsO6,0
Ba2ScReO6,0
Ba2ScSbO6,0
Ba2ScTaO6,3.0173
Ba2SeCaO6,2.01
Ba2SeDyO6,0.0303
Ba2SeEuO6,0
Ba2SeSmO6,0
Ba2SeSrO6,2.3123
Ba2SeTmO6,0.0248
Ba2SeVO6,0
Ba2SeYbO6,1.8964
Ba2SmBiO6,2.4961
Ba2SmIrO6,0
Ba2SmMoO6,0
Ba2SmOsO6,0.0705
Ba2SmReO6,0
Ba2SmRuO6,0
Ba2SmSbO6,3.6054
Ba2SmTaO6,3.3634
Ba2SmWO6,1.7704
Ba2SrMoO6,1.9975
Ba2SrReO6,0
Ba2SrTeO6,3.1393
Ba2SrWO6,3.2199
Ba2TaAlO6,3.5129
Ba2TaBiO6,2.6759
Ba2TaGaO6,3.8431
Ba2TaTlO6,2.241
Ba2TaZrO6,0.0781
Ba2TbBiO6,1.7238
Ba2TbIrO6,0
Ba2TbNbO6,2.8523
Ba2TbPbO6,0
Ba2TbReO6,0
Ba2TbRuO6,0
Ba2TbSeO6,0.0353
Ba2TbSiO6,0
Ba2TbSnO6,0
Ba2TbTaO6,3.371
Ba2TcLaO6,0
Ba2TcLuO6,0
Ba2TcYO6,0
Ba2TeCaO6,2.9976
Ba2TiNbO6,0.0036
Ba2TiTaO6,0
Ba2TlBiO6,0
Ba2TmOsO6,0
Ba2TmReO6,0
Ba2TmSbO6,3.3118
Ba2TmTaO6,3.4065
Ba2VDyO6,1.3571
Ba2VErO6,1.3491
Ba2VEuO6,0
Ba2VGdO6,1.2986
Ba2VHoO6,1.3529
Ba2VLaO6,1.714
Ba2VNbO6,0
Ba2VNdO6,1.6381
Ba2VPrO6,1.6605
Ba2VTaO6,0.0224
Ba2VTbO6,1.3611
Ba2VTlO6,0.9766
Ba2VTmO6,1.3431
Ba2VYbO6,0
Ba2VYO6,1.3586
Ba2WAlO6,0
Ba2WCdO6,3.0818
Ba2WCrO6,0
Ba2WEuO6,0.0113
Ba2WLuO6,0.0416
Ba2WMgO6,3.2231
Ba2YBiO6,1.7585
Ba2YbIrO6,0.0005
Ba2YbMoO6,2.2435
Ba2YbNbO6,0
Ba2YbOsO6,0
Ba2YbReO6,0
Ba2YbSbO6,0
Ba2YbTaO6,0
Ba2YMoO6,0
Ba2YReO6,0
Ba2YRuO6,0.0903
Ba2YSbO6,3.5377
Ba2YTaO6,3.362
Ba2ZnOsO6,0
Ba2ZnReO6,0
Ba2ZnTeO6,0.4444
Ba2ZnWO6,3.3679
Ba2ZrSiO6,3.3925
Ba2ZrSnO6,3.6894
Ba2ZrTbO6,0
Ba2ZrTiO6,2.2161
BaAgNbInO6,0.0113
BaAuCrInO6,0.1767
BaBiNaTeO6,1.2034
BaCaAuGdO6,1.5628
BaCaAuTaO6,0.1096
BaCaAuTmO6,1.5053
BaCaAuYbO6,0
BaCaAuYO6,1.6117
BaCaBiTmO6,1.8256
BaCaBiYO6,1.9733
BaCaPtTaO6,0
BaCaReAuO6,0
BaCaSbTaO6,1.3478
BaCaSbTmO6,3.3085
BaCaTaBiO6,2.33
BaCaTaInO6,3.9787
BaCdAuTiO6,0
BaCdPtTaO6,0
BaCdReAuO6,0
BaCeO3,2.299
BaCO3,0
BaCoO3,0
BaCrO3,0
BaCsCrInO6,0.6328
BaCsMnInO6,0.0244
BaCsMnTbO6,0
BaCsReAlO6,0
BaCsReDyO6,0.0645
BaCsReInO6,0
BaCsReYO6,0.0659
BaCsTaZrO6,2.4753
BaCsWAlO6,2.5134
BaCsWDyO6,2.4265
BaCsWInO6,2.79
BaCsWTbO6,2.4215
BaCsWTlO6,1.1167
BaCsWYbO6,0.0068
BaCsWZrO6,0.0488
BaEuBiTmO6,0
BaEuBiYO6,0
BaEuCrTmO6,0
BaEuNbInO6,0.681
BaEuNbTmO6,0.2347
BaEuPtTaO6,0
BaEuReAuO6,0
BaEuTaAlO6,0.3062
BaEuTaBiO6,1.16
BaEuTaScO6,0.1262
BaEuTcYO6,0
BaEuVPrO6,0.0132
BaEuVTmO6,0
BaEuWAlO6,0
BaFeO3,0
BaHfO3,3.5394
BaIrO3,0
BaKAuSmO6,0
BaKCrInO6,0.4503
BaKFeInO6,0.0086
BaKMnInO6,0
BaKMnTbO6,0
BaKNbHfO6,2.275
BaKTaZrO6,2.5611
BaKWCeO6,0
BaKWDyO6,2.4282
BaKWErO6,2.4344
BaKWInO6,2.9599
BaKWScO6,2.2162
BaKWTbO6,2.4244
BaKWTlO6,1.5689
BaKWYbO6,0
BaKWYO6,2.4276
BaLaCoRuO6,0
BaLaFeTiO6,1.7838
BaLaLiTeO6,3.0074
BaLaMgMoO6,0
BaLaMgNbO6,2.7929
BaLaMgRuO6,0.0097
BaLaMnMoO6,0.3824
BaLaMnSbO6,0
BaLaMnTaO6,1.0025
BaLaNaTeO6,2.7072
BaLaRuCuO6,0.0006
BaLaZnRuO6,0
BaLiOsInO6,0
BaLiWInO6,2.9721
BaMnO3,0
BaMnReAuO6,0
BaMoO3,0
BaNaCrInO6,0.4188
BaNaFeInO6,0
BaNaMnInO6,0
BaNaMnTbO6,0
BaNaNbHfO6,2.316
BaNaWAlO6,2.4602
BaNaWAsO6,1.5213
BaNaWBO6,2.1184
BaNaWInO6,2.9573
BaNaWScO6,2.2199
BaNaWTbO6,2.8478
BaNaWTmO6,2.4284
BaNbO3,0
BaNdAsAlO6,0.009
BaNdAsGaO6,0.0241
BaNdCrInO6,0
BaNdGeSiO6,0
BaNdNiSbO6,0.0928
BaNiO3,0
BaOsO3,0
BaPbBiYO6,1.9904
BaPbNbInO6,2.9266
BaPbNbScO6,2.6575
BaPbO3,0
BaPbSbScO6,3.1487
BaPbTaBiO6,1.1916
BaPbTaScO6,3.146
BaPbWAlO6,0
BaPdCrInO6,0
BaPdO3,0
BaPrCoNbO6,0
BaPrCoTaO6,0.0165
BaPrLiTeO6,3.2392
BaPrO3,0
BaRbAsNbO6,0.1482
BaRbAsRhO6,0
BaRbAsTaO6,0.1147
BaRbNbHfO6,2.255
BaRbSeNbO6,2.1004
BaRbSeRhO6,0
BaRbSeScO6,1.1096
BaRbTaHfO6,2.7349
BaRbTaZrO6,2.5274
BaRbWAsO6,1.8367
BaRbWSeO6,0.0361
BaReO3,0
BaRhO3,0
BaRuO3,0
BaSiO3,0.9473
BaSmAsAlO6,0.0089
BaSmAsGaO6,0.0237
BaSmCrInO6,0
BaSnO3,0.3724
BaSrAuCeO6,0
BaSrAuLaO6,1.6998
BaSrAuPrO6,1.6286
BaSrAuScO6,1.1824
BaSrAuTaO6,0.1077
BaSrAuTiO6,0
BaSrAuTmO6,1.3727
BaSrAuYbO6,0
BaSrAuYO6,1.495
BaSrBiCeO6,0
BaSrBiLaO6,2.1236
BaSrBiScO6,1.6793
BaSrBiTmO6,1.7684
BaSrBiYO6,1.9478
BaSrCoWO6,0
BaSrCrInO6,0
BaSrCrTlO6,0
BaSrHf2O6,3.6239
BaSrHfZrO6,3.3278
BaSrMgWO6,3.2391
BaSrMnAuO6,0
BaSrMnInO6,0
BaSrMnTaO6,0.0103
BaSrMoYbO6,1.9415
BaSrNbLaO6,2.9712
BaSrNbTlO6,2.3841
BaSrNbTmO6,2.8859
BaSrNbYO6,2.8734
BaSrNiWO6,3.3716
BaSrPtCeO6,1.3111
BaSrPtTaO6,0
BaSrReAuO6,0
BaSrSbBiO6,1.6669
BaSrSbGdO6,3.3629
BaSrSbLaO6,3.6013
BaSrSbPrO6,3.4907
BaSrSbTaO6,1.5248
BaSrSbTmO6,3.3329
BaSrSn2O6,0.6697
BaSrTaBiO6,2.4881
BaSrTaGaO6,3.8973
BaSrTaGdO6,3.1483
BaSrTaInO6,4.2249
BaSrTaLaO6,3.4763
BaSrTaPrO6,3.3326
BaSrTaTlO6,2.5074
BaSrTaTmO6,3.4318
BaSrTaYO6,3.4147
BaSrTcLaO6,0.004
BaSrVBiO6,0.9856
BaSrVInO6,1.5609
BaSrVTlO6,1.1431
BaSrWInO6,0
BaSrZr2O6,3.1199
BaTaO3,0
BaTbO3,0
BaTcO3,0
BaTeO3,0.2201
BaTiO3,1.6663
BaTlCrInO6,0.5736
BaTlMnTbO6,0
BaTmCrLuO6,0
BaTmNbInO6,0
BaTmPtTaO6,0
BaTmReAuO6,0
BaTmTaAlO6,0
BaTmTaBiO6,0
BaTmWAlO6,0
BaWO3,0
BaYbMnAuO6,0
BaYbNbInO6,3.4832
BaYbReAuO6,0
BaYbTaAlO6,3.5776
BaYbWAlO6,0.0025
BaZnReAuO6,0
BaZrO3,3.0377
BCsWInO6,0
BeBaMnInO6,0
BeCsMnInO6,0.0065
BeKMnInO6,0
Bi2CrLiO6,0
Bi2MnAlO6,0
Bi2MoCdO6,0
Bi2MoMgO6,0
Bi2ScCuO6,0
Bi2ScSbO6,0
Bi2SeMnO6,0
Bi2TiMgO6,1.0904
Bi2VLiO6,1.3093
Bi2WCdO6,0
Bi2WMgO6,0
BiAgMoCdO6,0.6733
BiAgWAlO6,0
BiAlO3,1.586
BiBaAuCdO6,0.5038
BiBaAuHgO6,0.275
BiBaHfCuO6,0.0836
BiBaHfNiO6,0.0208
BiBaMoCdO6,0.0346
BiBaNbMgO6,1.3047
BiBaNbScO6,0
BiBaPtTaO6,0
BiBaWAlO6,0
BiBaWCdO6,0
BiBaWMgO6,0
BiCaAuCdO6,0.7057
BiCaAuHgO6,0.2753
BiCaAuTiO6,0.0708
BiCaHfAuO6,0
BiCaHfCuO6,0.1043
BiCaMoCdO6,0
BiCaReAuO6,0
BiCaTaAuO6,0
BiCaWCdO6,0.0177
BiCdAuMgO6,0.6799
BiCdHfCuO6,0
BiCdReAuO6,0
BiCdSeTaO6,0.0463
BiCdTaAuO6,0.0264
BiCePtCdO6,0
BiCeSeTiO6,0
BiCeWCdO6,0
BiCoO3,0
BiCrO3,0
BiCsInNbO6,0.9397
BiCsReAuO6,0
BiCsTaAuO6,0
BiCsTiTeO6,0.021
BiCsVInO6,1.1374
BiCsWAlO6,0.0291
BiCsWInO6,0.0004
BiCsZrSnO6,0.8841
BiCuWAlO6,0
BiFeReAuO6,0
BiHgAuMgO6,0.454
BiHgAuTaO6,0
BiHgAuTiO6,0
BiHgMoMgO6,0.0676
BiHgReAuO6,0
BiHgReSeO6,0
BiHgSeFeO6,0
BiHgSeTaO6,0
BiHgTaTeO6,0
BiHgTiSeO6,0.0145
BiHgTiTeO6,0.0069
BiHgWAlO6,0
BiHgWMgO6,0.0792
BiHoCoTiO6,0
BiInO3,0.0452
BiKAuTaO6,0.0252
BiKInNbO6,0.9905
BiKTaScO6,1.0587
BiKWCeO6,0.0297
BiKWCsO6,0
BiKWInO6,0.0167
BiLiPtTaO6,0.0275
BiLiReAuO6,0
BiLiTaAuO6,0
BiLuSeTiO6,0
BiMgReAuO6,0
BiMgTaPtO6,0
BiMnO3,0
BiMnReAuO6,0
BiMnWAlO6,0
BiPbAuHgO6,0
BiPbHfCoO6,0.1126
BiPbHfCuO6,0.0957
BiPbMoCdO6,0
BiPbMoMgO6,0.0167
BiPbNbMgO6,1.2319
BiPbNbScO6,0
BiPbNiScO6,0.4558
BiPbWAlO6,0
BiPbWCdO6,0
BiPbWMgO6,0
BiPrWCdO6,0
BiPtWAlO6,0.0074
BiRbAuTaO6,0.0275
BiRbHfSiO6,1.4074
BiRbPtTaO6,0.0343
BiRbScSbO6,1.1607
BiRbTaTeO6,0
BiRbTiTeO6,0.0461
BiRbWAlO6,0
BiRbZrSnO6,0.9378
BiRbZrTeO6,0
BiRhO3,0.0161
BiScO3,0.6897
BiSmO3,0.0007
BiSrAuHgO6,0.2763
BiSrAuZnO6,0.5021
BiSrHfCoO6,0.3157
BiSrHfCuO6,0.0967
BiSrMoCdO6,0
BiSrReAuO6,0
BiSrTaAuO6,0
BiSrTiAuO6,0
BiSrWAlO6,0
BiSrWCdO6,0.0153
BiTlAuTiO6,0
BiTlInNbO6,0.0068
BiTlPtTaO6,0
BiTlReAuO6,0
BiTlTaAuO6,0.0585
BiTlTaNbO6,0.0182
BiTlTaScO6,0.0497
BiTlWAlO6,0
BiTlZrSnO6,0.0297
BiTlZrTiO6,0.0346
BiTmAuCdO6,0
BiTmMoCdO6,0
BiTmReAuO6,0
BiTmSeTiO6,0
BiYbAuCdO6,0.7381
BiYbAuHgO6,0.2747
BiYbMoCdO6,0
BiZnReAuO6,0
Ca2AlNbO6,2.8244
Ca2AlSbO6,2.4139
Ca2AuGaO6,0.1392
Ca2BiAsO6,1.6887
Ca2BiNbO6,1.4899
Ca2BiTaO6,1.9785
Ca2CdReO6,0
Ca2CdTeO6,1.3834
Ca2CdWO6,2.8214
Ca2CoNbO6,0.6132
Ca2CoOsO6,0.0177
Ca2CoReO6,0
Ca2CoTaO6,0.7335
Ca2CoTeO6,0
Ca2CoWO6,0
Ca2CrMoO6,0.0057
Ca2CrNbO6,0
Ca2CrOsO6,0
Ca2CrReO6,0.0273
Ca2CrSbO6,0
Ca2CrTaO6,0.6972
Ca2CrTiO6,0
Ca2CrWO6,0.0338
Ca2DyNbO6,2.8596
Ca2DySbO6,3.1986
Ca2DyTaO6,3.3703
Ca2ErNbO6,2.8647
Ca2ErSbO6,3.2516
Ca2ErTaO6,3.392
Ca2EuNbO6,0
Ca2EuSbO6,0
Ca2EuTaO6,0
Ca2FeBiO6,0.4893
Ca2FeIrO6,0
Ca2FeMoO6,0.3648
Ca2FeNbO6,0.0194
Ca2FeOsO6,0
Ca2FeReO6,0
Ca2FeSbO6,0.0201
Ca2FeTaO6,0.0187
Ca2FeWO6,0
Ca2GaNbO6,3.131
Ca2GaTaO6,3.8602
Ca2GdNbO6,2.3822
Ca2GdSbO6,3.8144
Ca2GdTaO6,2.9031
Ca2HoNbO6,2.8623
Ca2HoSbO6,3.232
Ca2HoTaO6,3.3815
Ca2InNbO6,3.4632
Ca2InOsO6,0
Ca2InSbO6,1.4198
Ca2InTaO6,3.6725
Ca2LaNbO6,2.9149
Ca2LaSbO6,3.5891
Ca2LaTaO6,2.9937
Ca2LiOsO6,0
Ca2LiReO6,1.5831
Ca2LuNbO6,2.8674
Ca2MgMoO6,1.8975
Ca2MgReO6,0
Ca2MgTeO6,2.5828
Ca2MgWO6,2.752
Ca2MnIrO6,0
Ca2MnMoO6,0.0067
Ca2MnNbO6,0
Ca2MnReO6,0
Ca2MnRuO6,0
Ca2MnSbO6,0
Ca2MnTaO6,0
Ca2MnTeO6,0
Ca2MnWO6,0.0117
Ca2NaIO6,2.5756
Ca2NdNbO6,2.83
Ca2NdSbO6,2.9459
Ca2NdTaO6,3.1062
Ca2NiOsO6,0
Ca2NiReO6,0
Ca2PdWO6,0
Ca2PrNbO6,2.8249
Ca2PrSbO6,2.8859
Ca2PrTaO6,3.023
Ca2ScNbO6,2.6462
Ca2ScReO6,0
Ca2ScSbO6,3.6664
Ca2ScTaO6,3.1362
Ca2SiTiO6,2.3708
Ca2SmNbO6,2.8424
Ca2SmSbO6,3.047
Ca2SmTaO6,3.256
Ca2TbNbO6,2.856
Ca2TbSbO6,3.1758
Ca2TbTaO6,3.3573
Ca2TiRuO6,0.0254
Ca2TmNbO6,2.8648
Ca2TmSbO6,3.2718
Ca2TmTaO6,3.4014
Ca2VDyO6,1.3238
Ca2VErO6,1.3158
Ca2VHoO6,1.3198
Ca2VMoO6,0
Ca2VNbO6,0
Ca2VTaO6,0
Ca2VTbO6,1.3274
Ca2VTmO6,1.31
Ca2YbNbO6,0
Ca2YbSbO6,0
Ca2YbTaO6,0
Ca2YSbO6,3.2302
Ca2YTaO6,3.3625
Ca2ZnMoO6,1.8218
Ca2ZnTeO6,1.3295
Ca2ZnWO6,2.6915
Ca2ZrHfO6,3.4088
Ca2ZrMnO6,1.3441
CaAgTaAuO6,0.0567
CaCeO3,2.289
CaCO3,0.0067
CaCrO3,0
CaCsCrInO6,0.6453
CaCsReAlO6,0
CaCsReErO6,0.0529
CaCsReGdO6,0
CaCsReLuO6,0.0526
CaCsReYbO6,1.6958
CaCsReYO6,0.0544
CaCsWAlO6,2.5239
CaCsWDyO6,2.4437
CaCsWErO6,2.4547
CaCsWEuO6,0
CaCsWInO6,2.9689
CaCsWTbO6,2.4373
CaCsWTlO6,1.5733
CaCsWYbO6,0.0095
CaCsWYO6,2.4418
CaFeO3,0
CaGeO3,0.5017
CaHfO3,3.6612
CaIrO3,0
CaLaCaRuO6,0
CaLaCaTaO6,2.5401
CaLaCoNbO6,0.0236
CaLaFeTiO6,0.0119
CaLaFeVO6,1.0776
CaLaMgMoO6,0
CaLaMnFeO6,0.0447
CaLaMnRuO6,0
CaMnO3,0
CaMnTi2O6,1.5698
CaMoO3,0
CaNbO3,0.1284
CaNdCaNbO6,2.8415
CaNdCaRuO6,0
CaNdCaTaO6,2.9663
CaOsO3,0
CaPbO3,0.3594
CaPdO3,0
CaPrLiTeO6,3.4542
CaPrO3,0.3977
CaPtO3,0
CaReO3,0
CaRuO3,0
CaSiO3,3.5299
CaSnO3,1.3905
CaSrHf2O6,3.686
CaSrLaSbO6,3.1114
CaSrSmSbO6,3.2016
CaTaO3,0
CaTcO3,0
CaTiO3,1.8285
CaTmMoYbO6,0.0678
CaTmReAuO6,0.0118
CaTmWGaO6,0
CaVO3,0
CaWO3,0.0199
CaYbBiScO6,2.1616
CaYbReAuO6,0.0129
CaYbWGaO6,0.0171
CaZrO3,3.2122
CdCeO3,0
CdCO3,0
CdCsWCeO6,0.0053
CdCsWDyO6,0
CdCsWInO6,0
CdGeO3,0.1022
CdIrO3,0
CdMoO3,0
CdNbO3,0.0164
CdOsO3,0
CdPbO3,0.1388
CdPdO3,0
CdPrO3,0
CdPtO3,0
CdPtWAlO6,0
CdReO3,0
CdRhO3,0
CdRuO3,0
CdSeO3,0
CdSnO3,0
CdTaO3,0.0099
CdTcO3,0
CdTeO3,0
CdWO3,0
CdZrO3,0
Ce2CoTmO6,0
Ce2LuCoO6,0
Ce2MoCdO6,0.0004
Ce2PrCoO6,0.0035
Ce2TaAlO6,0
Ce2TmCrO6,0
Ce2WMgO6,0
CeAgAuTiO6,0
CeAgHfAuO6,0
CeAgMoCdO6,0.0913
CeAgO3,0
CeAgReAuO6,0
CeAgTaAuO6,0
CeAgZrAuO6,0
CeAlO3,0
CeAsO3,0
CeAuO3,0
CeAuReSeO6,0
CeBaCoInO6,0.1461
CeBaCoLuO6,0.167
CeBaCoTmO6,0.0652
CeBaCrGdO6,0
CeBaHfCuO6,0
CeBaHfTiO6,0
CeBaInTaO6,0
CeBaMoCdO6,0
CeBaNbInO6,0.7648
CeBaPrCuO6,0
CeBaPtCdO6,0.0937
CeBaReAuO6,0
CeBaTaAlO6,0
CeBaTaBiO6,0.0042
CeBaTaMgO6,0.0801
CeBaTaScO6,0
CeBaTcPrO6,0.0496
CeBaTmCrO6,0.0295
CeBaTmVO6,0
CeBaWAlO6,0
CeBaWCdO6,0
CeBaWInO6,0.0023
CeBaZrBiO6,0
CeBiMoCdO6,0
CeBiTaAuO6,0
CeBO3,0
CeCaAuCdO6,0
CeCaHfSbO6,0
CeCaPtCdO6,0.0954
CeCaReAuO6,0
CeCdAuTiO6,0
CeCdReAuO6,0
CeCdTaAuO6,0
CeCdTaPtO6,0
CeCdWMgO6,0
CeCoO3,0
CeCrB2O6,0
CeCrO3,0
CeCsAuPrO6,0.1131
CeCsAuScO6,0
CeCsAuTaO6,0
CeCsAuTiO6,0
CeCsAuTmO6,0.0029
CeCsAuYbO6,0.1601
CeCsAuYO6,0.0506
CeCsBiPrO6,0.1588
CeCsBiYO6,0.1609
CeCsCrTmO6,0
CeCsHfAuO6,0
CeCsHfCoO6,0.207
CeCsHfCuO6,0
CeCsHfFeO6,0
CeCsHfGaO6,0.1855
CeCsHfMnO6,0.0913
CeCsHfNiO6,0
CeCsHfSnO6,0.1314
CeCsHfTeO6,0
CeCsHfTiO6,0.0989
CeCsHfZrO6,0.1099
CeCsNbBiO6,0
CeCsNbInO6,0.1134
CeCsNbPrO6,0.1165
CeCsNbYO6,0.1091
CeCsPtTaO6,0
CeCsReAuO6,0
CeCsSbGdO6,0.1555
CeCsSbYO6,0.1557
CeCsSeTaO6,0
CeCsTaAlO6,0.1066
CeCsTaBiO6,0
CeCsTaPrO6,0.1214
CeCsTaScO6,0.1032
CeCsTaTiO6,0
CeCsTaTmO6,0.1119
CeCsTaYO6,0.1148
CeCsWDyO6,0
CeCsWInO6,0
CeCsWNaO6,0.0561
CeCsWSrO6,0.12
CeCsWTlO6,0
CeCsZrAuO6,0
CeCsZrSnO6,0.1331
CeCuReAuO6,0
CeDyCr2O6,0
CeErCr2O6,0
CeEuLuCoO6,0
CeEuWMgO6,0.0058
CeFeO3,0
CeGaO3,0
CeGdCr2O6,0
CeGdTmCrO6,0
CeHfCo2O6,0
CeHfV2O6,0
CeHgAuTaO6,0
CeHgPtTaO6,0
CeHgReAuO6,0
CeHgTiAuO6,0
CeHgTiTeO6,0
CeHoCr2O6,0
CeInWMgO6,0.0046
CeIrO3,0
CeKAuPrO6,0.1131
CeKAuTaO6,0
CeKAuTmO6,0.0038
CeKAuYbO6,0.4032
CeKAuYO6,0.066
CeKBiPrO6,0.1564
CeKBiTmO6,0.1579
CeKBiYO6,0.1581
CeKHfAuO6,0
CeKHfTeO6,0
CeKSbTmO6,0.1484
CeKTaBiO6,0
CeKTaPrO6,0.1176
CeKTaTeO6,0
CeKTaTmO6,0.1043
CeKWInO6,0
CeKZrAuO6,0
CeLaBAlO6,0.0406
CeLaBInO6,0.1041
CeLaLuCoO6,0.0169
CeLiReAuO6,0
CeLuCr2O6,0
CeLuO3,0.0005
CeLuWMgO6,0
CeMgNi2O6,0
CeMnO3,0
CeMnReAuO6,0
CeMoO3,0
CeNaAuTaO6,0
CeNaTaTmO6,0.1012
CeNbO3,0
CeNiO3,0
CePbAuCdO6,0
CePbHfAuO6,0
CePbMoCaO6,0
CePbMoCdO6,0
CePbO3,0
CePbPtCdO6,0.0112
CePbReAuO6,0
CePbTaAuO6,0
CePbTeTiO6,0
CePbTiAuO6,0
CePbTmCoO6,0.1126
CePbWCdO6,0
CePdO3,0
CePdReAuO6,0
CePtO3,0
CePtReAuO6,0
CeRbAuGdO6,0.0902
CeRbAuPrO6,0.1132
CeRbAuScO6,0
CeRbAuTaO6,0
CeRbAuTiO6,0
CeRbAuTmO6,0.0035
CeRbAuYbO6,0.3976
CeRbAuYO6,0.0615
CeRbBiTmO6,0.1592
CeRbBiYO6,0.1591
CeRbCoLuO6,0
CeRbHfAuO6,0
CeRbHfCuO6,0
CeRbHfTeO6,0
CeRbHfZrO6,0.1048
CeRbNbTmO6,0.1025
CeRbSbTmO6,0.151
CeRbSeYbO6,0.1636
CeRbTaBiO6,0
CeRbTaInO6,0.1114
CeRbTaPrO6,0.1189
CeRbTaTeO6,0
CeRbTaTmO6,0.1069
CeRbTaYO6,0.1094
CeRbWInO6,0
CeRbZrAuO6,0
CeRuO3,0
CeScO3,0.0021
CeSrCoLuO6,0.0761
CeSrCoTmO6,0.0684
CeSrHfCuO6,0
CeSrHfFeO6,0
CeSrHfMnO6,0
CeSrHfNiO6,0
CeSrNbTmO6,0
CeSrReAuO6,0
CeSrTaGaO6,0
CeSrTaInO6,0
CeSrWCdO6,0
CeSrWGaO6,0
CeTaO3,0
CeTiO3,0
CeTlAuTiO6,0
CeTlBiYO6,0.1521
CeTlHfSnO6,0.114
CeTlNbScO6,0.0798
CeTlO3,0
CeTlReAuO6,0
CeTlSeTiO6,0.0502
CeTlSeYbO6,0.1443
CeTlTaAuO6,0
CeTlTaScO6,0.0833
CeTlTaTeO6,0
CeTlWAlO6,0
CeTlZrAuO6,0
CeTlZrSnO6,0.118
CeTlZrTiO6,0.0801
CeTmCoLuO6,0.035
CeTmCr2O6,0
CeTmHfCoO6,0
CeTmMoCdO6,0
CeTmNbInO6,0
CeTmWMgO6,0
CeVO3,0
CeYbHfCoO6,0
CeYbMoCdO6,0
CeYbNbInO6,0
CeYbO3,1.9326
CeYbWMgO6,0
CeYO3,0.0018
CoAgReAuO6,0
CoCaRePtO6,0
CoCsReAuO6,0
CoCsWInO6,0
CoFeO3,0
CoGeO3,0
CoIrO3,0
CoKReAuO6,0
CoMnO3,0
CoMoO3,0
CoNaReAuO6,0
CoOsO3,0
CoPdO3,0
CoPtO3,0
CoRbReAuO6,0
CoReO3,0
CoRhO3,0
CoRuO3,0
CoSiO3,0
CoSrReAuO6,0
CoTcO3,0
CoTiO3,0
CoTlWAlO6,0
CoWO3,0
CrBO3,0
CrIrO3,0
CrOsO3,0
CrPdO3,0
CrPtO3,0
CrRbReAuO6,0
CrReO3,0
CrRuO3,0
CrTcO3,0
CrTiO3,0
CsBrO3,0
CsCeNb2O6,0
CsCeTa2O6,0
CsCeZr2O6,0.1081
CsEuTa2O6,0
CsEuZr2O6,0
CsGdTa2O6,0
CsGdZr2O6,0.5918
CsIO3,0
CsLaTa2O6,0
CsLaZr2O6,2.2032
CsNbO3,1.2762
CsPrHf2O6,2.7322
CsPrTa2O6,0
CsPrZr2O6,2.4711
CsTaO3,1.8627
CsVO3,0.0069
CsWO3,0.358
CsYbHf2O6,0
CsYbTa2O6,0
CsYbZr2O6,0
CuBaReAuO6,0
CuCO3,0
CuCsReAuO6,0
CuKReAuO6,0
CuNbO3,0
CuPbWAlO6,1.1084
CuPO3,0
CuPtWAlO6,0.0014
CuRbReAuO6,0
CuSiO3,0.0131
CuTaO3,0.3232
CuTeO3,0
CuTlReAuO6,0
CuTlReSeO6,0.0394
CuTlWAlO6,0.0488
CuVO3,0
Dy2CoMnO6,0
Dy2CoPtO6,0
Dy2CuMnO6,0.0321
Dy2CuTiO6,0.0093
Dy2ErGaO6,2.3117
Dy2ErInO6,1.6977
Dy2ErLuO6,1.8227
Dy2ErTmO6,1.6979
Dy2GdGaO6,1.3418
Dy2HoErO6,1.5554
Dy2HoGaO6,2.2644
Dy2HoInO6,1.6216
Dy2HoLuO6,1.7533
Dy2HoTmO6,1.6289
Dy2InGaO6,2.2915
Dy2LuAlO6,2.5383
Dy2LuBO6,2.5928
Dy2LuCuO6,0.0211
Dy2LuGaO6,2.4382
Dy2LuInO6,1.8246
Dy2LuTlO6,1.0699
Dy2NbLuO6,0
Dy2NiMnO6,0.1763
Dy2NiRuO6,0
Dy2PtHoO6,0
Dy2TaLuO6,0
Dy2TbCrO6,0.0655
Dy2TbErO6,1.4089
Dy2TbHoO6,1.3411
Dy2TbLuO6,1.6047
Dy2TbTmO6,1.4815
Dy2TlGaO6,1.2532
Dy2TmGaO6,2.3596
Dy2TmInO6,1.7454
Dy2TmLuO6,1.8848
Dy2YErO6,1.5527
Dy2YGaO6,2.2849
Dy2YHoO6,1.4859
Dy2YInO6,1.6257
Dy2YLuO6,1.7461
Dy2YTmO6,1.6245
DyAgO3,0
DyAlGa2O6,0.0004
DyAlO3,2.9483
DyAsO3,0
DyAuO3,0
DyBO3,2.5908
DyCeGa2O6,0.0269
DyCeO3,0
DyCoO3,0
DyCrO3,0.0242
DyErAl2O6,2.9796
DyErGa2O6,2.8843
DyErO3,1.6238
DyEuAl2O6,0
DyEuGa2O6,0
DyFeO3,0
DyGaAl2O6,0.0249
DyGaO3,2.854
DyGdAl2O6,2.0616
DyGdGa2O6,1.7529
DyHfO3,0
DyHoAl2O6,2.9626
DyHoGa2O6,2.8673
DyInAl2O6,0
DyInGa2O6,0
DyInO3,1.5367
DyIrO3,0
DyLaAl2O6,3.1749
DyLaGa2O6,3.0618
DyLaO3,0
DyLuAl2O6,3.0378
DyLuCr2O6,0.0638
DyLuGa2O6,2.9415
DyMgFe2O6,0
DyMgW2O6,0
DyMnO3,0
DyMoO3,0
DyNbO3,0
DyNdAl2O6,2.9077
DyNdGa2O6,2.8162
DyNdO3,0.3437
DyNiO3,0.2267
DyOsO3,0
DyPbO3,0
DyPdO3,0.1352
DyPmAl2O6,2.9043
DyPmGa2O6,2.813
DyPmO3,0.5436
DyPrGa2O6,2.8222
DyPrO3,0.1586
DyPtO3,0
DyReO3,0
DyRhO3,0
DyRuO3,0
DyScAl2O6,1.7185
DyScCr2O6,0
DyScO3,2.4736
DySmAl2O6,2.9138
DySmGa2O6,2.822
DySmO3,0.7026
DySnO3,0
DyTaO3,0
DyTbCr2O6,0.0193
DyTcO3,0
DyTeO3,0
DyTiO3,0
DyTlGa2O6,0.0046
DyTlO3,0.4233
DyTmAl2O6,3.0015
DyTmGa2O6,2.906
DyTmO3,1.7718
DyVEr2O6,0
DyVHo2O6,0
DyVO3,0
DyWO3,0
DyYAl2O6,2.8718
DyYbAl2O6,0.0183
DyYbCr2O6,0
DyYbGa2O6,0
DyYGa2O6,2.7734
DyZrO3,0
Er2DyGaO6,2.2674
Er2DyLuO6,1.3208
Er2GdGaO6,1.3115
Er2HoGaO6,2.3167
Er2HoLuO6,1.3917
Er2HoTmO6,1.2697
Er2InGaO6,2.335
Er2LuGaO6,2.4915
Er2ScGaO6,2.7341
Er2TbCrO6,0.0026
Er2TbLuO6,1.246
Er2TbTmO6,1.1252
Er2TlGaO6,1.1399
Er2TmGaO6,2.4124
Er2TmLuO6,1.5334
Er2YGaO6,2.3383
Er2YHoO6,1.1309
Er2YLuO6,1.3862
Er2YTmO6,1.267
ErAlGa2O6,0.0003
ErAlO3,3.0097
ErAsO3,0.0689
ErAuO3,0
ErBO3,2.6959
ErCeAl2O6,0
ErCeO3,0
ErCoO3,0
ErCrB2O6,0.054
ErCrO3,0.0494
ErCsVInO6,1.6576
ErCsWInO6,0
ErDyCr2O6,0.037
ErEuAl2O6,0
ErEuGa2O6,0
ErEuO3,0
ErFeO3,0
ErGaAl2O6,0.0251
ErGdAl2O6,2.0831
ErGdGa2O6,1.7691
ErGdO3,0.3657
ErHoAl2O6,2.9931
ErHoGa2O6,2.8974
ErHoO3,1.4474
ErInAl2O6,0
ErInGa2O6,0
ErIrO3,0
ErLaAl2O6,3.208
ErLaBMoO6,0
ErLaGa2O6,3.0941
ErLaO3,0.279
ErLuAl2O6,3.0678
ErLuCr2O6,0.0757
ErLuGa2O6,2.9712
ErLuO3,1.6578
ErMnO3,0
ErMoAl2O6,0
ErMoGa2O6,0
ErMoO3,0
ErNbAl2O6,0.0108
ErNbO3,0
ErNdAl2O6,2.9399
ErNdBMoO6,0
ErNdGa2O6,2.8478
ErNiO3,0.2201
ErPdAl2O6,0
ErPdO3,0.1471
ErPmAl2O6,2.9361
ErPmGa2O6,2.8442
ErPrAl2O6,2.9466
ErPrGa2O6,2.8542
ErPrO3,0.2872
ErRhAl2O6,0.0785
ErRhGa2O6,0.0688
ErRhO3,0
ErRuO3,0
ErSbO3,0
ErScAl2O6,1.7363
ErScCr2O6,0
ErSmAl2O6,2.9454
ErSmGa2O6,2.8531
ErSmO3,0.3638
ErTaAl2O6,0
ErTaO3,0
ErTbAl2O6,2.9673
ErTbCr2O6,0.0322
ErTbGa2O6,2.8723
ErTbO3,1.7284
ErTlAl2O6,0
ErTlGa2O6,0.0115
ErTmAl2O6,3.0317
ErTmCr2O6,0.0576
ErTmGa2O6,2.936
ErVAl2O6,0
ErVGa2O6,0
ErVO3,0
ErYAl2O6,2.9018
ErYbAl2O6,0.0177
ErYbCr2O6,0
ErYbGa2O6,0
ErYGa2O6,2.8029
ErYO3,1.13
Eu2BiTmO6,0
Eu2CrTmO6,0
Eu2SbScO6,0.1112
Eu2TaGaO6,0.4391
Eu2WMgO6,0.2786
EuAgO3,0
EuAlO3,0
EuAsO3,0
EuBaCo2O6,0
EuBaCoGdO6,0
EuBaCoTmO6,0
EuBaCrLuO6,0
EuBaHfCuO6,0
EuBaHfSbO6,0
EuBaTaGaO6,0.5535
EuBaTaMgO6,0
EuBiSnMgO6,0
EuCaAuTmO6,0
EuCaNbTmO6,0.345
EuCaSbTmO6,0.5401
EuCdAuZnO6,0
EuCdHfCuO6,0
EuCdReAuO6,0
EuCdSeTaO6,0
EuCdTaAuO6,0
EuCdTaPtO6,0
EuCrO3,0
EuCsAuTaO6,0
EuCsHfTcO6,0
EuCsHfZrO6,0
EuCsNbYO6,0
EuCsPrTaO6,0
EuCsSbYO6,0
EuCsTaScO6,0
EuCsWInO6,0.3866
EuDyCr2O6,0
EuDyO3,0
EuFeO3,0
EuGaO3,0
EuHoCr2O6,0
EuHoGa2O6,0
EuInO3,0
EuIrO3,0
EuKHfZrO6,0
EuKPtTaO6,0
EuKTaBiO6,0
EuKTaInO6,0
EuLaBAlO6,0
EuLaO3,0
EuLiPtTaO6,0
EuMgMn2O6,0
EuMnO3,0
EuMnReAuO6,0
EuNaHfSnO6,0
EuNdCr2O6,0
EuNdGa2O6,0
EuNdO3,0
EuNiO3,0
EuOsO3,0
EuPbAuCdO6,0
EuPbMoCdO6,0.0928
EuPbO3,0
EuPmGa2O6,0
EuPmO3,0
EuPrGa2O6,0
EuPrO3,0
EuPtO3,0
EuRbHfCoO6,0
EuRbHfFeO6,0
EuRbHfNiO6,0
EuRbHfSnO6,0
EuRbHfTeO6,0
EuRbTaPrO6,0
EuRbTaTeO6,0.5555
EuReO3,0
EuRhO3,0
EuRuO3,0
EuSbO3,0
EuScCr2O6,0
EuScO3,0
EuSmCr2O6,0
EuSmO3,0
EuSnO3,0
EuSrAuCdO6,0.002
EuSrHfCoO6,0
EuSrNbTmO6,0.2039
EuSrSbTmO6,0.0403
EuSrSeYbO6,0
EuTaO3,0
EuTeO3,0
EuTiO3,0
EuTlO3,0
EuTlZrTiO6,0
EuTmCr2O6,0
EuTmWMgO6,0
EuWO3,0
EuYbCr2O6,0
EuYbZrGaO6,0
EuYCr2O6,0
EuYGa2O6,0
EuYO3,0
EuZrO3,0.4663
FeBiO3,0
FeBO3,0
FeCsWInO6,0
FeIrO3,0
FeKReAuO6,0
FeOsO3,0
FePbReAuO6,0
FePdO3,0
FePtO3,0
FeReO3,0
FeRuO3,0
FeSrRePtO6,0
FeTcO3,0
FeTiO3,0
FeTlAuTiO6,0
FeTlReAuO6,0
FeWO3,0
FeZrO3,0
GaAlO3,0
GaBO3,0
GaCsWInO6,0
GaFeO3,0
GaInO3,0
GaKWInO6,0
Gd2CoMnO6,0
Gd2CuTiO6,0
Gd2MgPtO6,0.713
Gd2NiMnO6,0.2245
Gd2NiRuO6,0
Gd2TaAlO6,0
Gd2TbCrO6,0
Gd2VBO6,0.0003
Gd2WMgO6,0
GdAgO3,0
GdAgReAuO6,0
GdAlO3,1.8885
GdAsO3,0
GdAuO3,0
GdBaCrTmO6,0
GdBaHfCuO6,0
GdBaHfMnO6,0.0152
GdBaHfSbO6,0
GdBaMoCdO6,0
GdBaNbHgO6,0
GdBaNbInO6,0.0357
GdBaNbTmO6,0
GdBaTaGaO6,0
GdBaTaMgO6,1.1367
GdBaTaPtO6,0
GdBaVTmO6,0.0159
GdBaWAlO6,0
GdBaWCdO6,0
GdBaWGaO6,0
GdBiSnMgO6,1.2017
GdBO3,2.0438
GdCaPtTaO6,0
GdCdSeTaO6,0
GdCrO3,0.7847
GdCsAuScO6,0.8144
GdCsBiYO6,0.4586
GdCsHfTcO6,0.0806
GdCsHfTiO6,0.9516
GdCsHfZrO6,0.6125
GdCsNbInO6,0.5191
GdCsPtTaO6,0.0097
GdCsTaInO6,0.7442
GdCsTaScO6,0.8061
GdCsZrSnO6,0.7016
GdDyO3,0.2133
GdEuTaAlO6,0
GdFeO3,0
GdGaO3,1.6174
GdHoCr2O6,0
GdHoGa2O6,1.761
GdKBiYO6,0.1948
GdKHfSnO6,1.0437
GdKHfTeO6,0
GdKTaYO6,0.5771
GdKWInO6,0.0229
GdLaGa2O6,1.6713
GdLaLuCoO6,0.512
GdLaLuCrO6,0
GdLiPtTaO6,0
GdLuTaAlO6,0
GdMoO3,0
GdNaHfSnO6,0.8769
GdNbO3,0
GdNdGa2O6,1.6758
GdNiO3,0.2216
GdPbAuCdO6,0.6022
GdPbMoCdO6,0
GdPbNbTmO6,0
GdPbPtCdO6,0
GdPdO3,0
GdPmGa2O6,1.6945
GdPrLuCrO6,0
GdPrO3,0.0013
GdRbAuTiO6,0
GdRbHfCoO6,0.0044
GdRbHfGeO6,1.0605
GdRbHfNiO6,0.4723
GdRbHfSnO6,0.7935
GdRbHfTeO6,0
GdRbHfTiO6,0.9069
GdRbPtTaO6,0
GdRbTaInO6,0.7854
GdRbTaTeO6,0
GdRbVTmO6,0.694
GdRuO3,0
GdSbO3,0
GdScO3,1.0969
GdSrAuCdO6,0.8502
GdSrHfCoO6,0.4996
GdSrSeYbO6,0
GdSrVTmO6,0
GdTaO3,0
GdTbGa2O6,1.7447
GdTiO3,0
GdTlBiYO6,0
GdTlO3,0
GdTlTaScO6,0
GdTlZrTiO6,0
GdTmGa2O6,1.7786
GdTmTaAlO6,0
GdVO3,0
GdYbCr2O6,0
GdYbTaAlO6,0
GdYbZrGaO6,1.1858
GdYGa2O6,1.7378
GdYO3,0.2892
GeCsVTbO6,0
GeCsWAlO6,1.9853
GeCsWInO6,1.8051
GeKWCeO6,0.0044
GeKWCsO6,0
GeKWInO6,1.8759
HfAgCo2O6,0
HfAgV2O6,0
HfBaAl2O6,1.405
HfBaTaAlO6,0
HfCaCo2O6,0
HfCaV2O6,0
HfCdCo2O6,0
HfCdV2O6,0
HfCoV2O6,0
HfCrAl2O6,0
HfCrCo2O6,0
HfCrV2O6,0
HfCsReAuO6,0
HfCsTaAlO6,0
HfCsVInO6,0
HfCsWInO6,0
HfCsZrMnO6,0.0029
HfCuCo2O6,0
HfCuV2O6,0
HfDyAl2O6,0
HfDyCo2O6,0
HfDyCr2O6,0
HfDyGa2O6,0
HfDyV2O6,0
HfEuAl2O6,0
HfEuCr2O6,0
HfEuGa2O6,0
HfFeNi2O6,0
HfKReAuO6,0
HfKWInO6,0.5173
HfNdAl2O6,0
HfNdGa2O6,0.0141
HfNdNi2O6,0.0296
HfRbReAuO6,0
HfRbZrAuO6,0
HfSmAl2O6,0
HfSmFe2O6,0
HfSmGa2O6,0.0129
HfSmNi2O6,0.0314
HfSrFe2O6,0
HfSrNi2O6,0
HfSrTaAlO6,0
HfSrTaGaO6,0
HfTiAl2O6,0
HfTiCo2O6,0
HfTiCr2O6,0
HfTiNi2O6,0
HfTiV2O6,0
HfTlReAuO6,0
HfTlTaAuO6,0
HfTmAl2O6,0
HfTmCo2O6,0
HfTmCr2O6,0
HfTmGa2O6,0
HfTmV2O6,0
HfVAl2O6,0
HfYbAl2O6,1.6457
HfYbCo2O6,0
HfYbCr2O6,0
HfYbGa2O6,1.5113
HfYbTaAlO6,0
HfYbV2O6,0
HgCeO3,0
HgCoWAlO6,0
HgCuWAlO6,0.3263
HgFeO3,0
HgFeWAlO6,0
HgHfO3,0
HgIO3,0
HgIrO3,0
HgMnReAuO6,0
HgMnWAlO6,0
HgMoO3,0
HgNbO3,0
HgNiWAlO6,0
HgOsO3,0
HgPdO3,0
HgPrO3,0
HgPtO3,0
HgPtWAlO6,0
HgReO3,0
HgRhO3,0
HgRuO3,0
HgSbO3,0
HgSeO3,0
HgSnO3,0
HgTaO3,0
HgTcO3,0
HgTeO3,0
HgTiO3,0
HgWO3,0
HgZnWAlO6,0
HgZrO3,0
Ho2DyErO6,1.3055
Ho2DyGaO6,2.2384
Ho2DyLuO6,1.5005
Ho2DyTmO6,1.3779
Ho2DyYO6,1.2392
Ho2ErGaO6,2.3349
Ho2ErLuO6,1.6408
Ho2ErTmO6,1.5171
Ho2InGaO6,2.3103
Ho2LuAlO6,2.566
Ho2LuBO6,2.6214
Ho2LuCuO6,0
Ho2LuGaO6,2.4617
Ho2LuInO6,1.7371
Ho2ScGaO6,2.6996
Ho2TbCrO6,0.0823
Ho2TbDyO6,1.0945
Ho2TbErO6,1.2309
Ho2TbLuO6,1.4248
Ho2TbTmO6,1.3029
Ho2TlGaO6,1.2024
Ho2TmGaO6,2.3829
Ho2TmInO6,1.5994
Ho2TmLuO6,1.715
Ho2YErO6,1.374
Ho2YGaO6,2.3084
Ho2YLuO6,1.5656
Ho2YTmO6,1.4452
HoAgO3,0
HoAlGa2O6,0.0004
HoAlO3,2.9761
HoAsO3,0
HoAuO3,0
HoBO3,2.6416
HoCeAl2O6,0
HoCeO3,0
HoCoO3,0
HoCrB2O6,0.0514
HoCrO3,0.0358
HoCsWInO6,0
HoDyCr2O6,0.0302
HoDyO3,1.168
HoErCr2O6,0.0427
HoEuAl2O6,0
HoEuO3,0
HoFeO3,0
HoGaAl2O6,0.0248
HoGaO3,2.8806
HoGdAl2O6,2.0722
HoGdO3,0
HoInAl2O6,0
HoInGa2O6,0
HoIrO3,0
HoKWInO6,0
HoLaAl2O6,3.1891
HoLaBMoO6,0
HoLaGa2O6,3.0756
HoLaO3,0
HoLuAl2O6,3.051
HoLuCr2O6,0.0693
HoLuGa2O6,2.9545
HoLuO3,1.8404
HoMoAl2O6,0
HoMoGa2O6,0
HoMoO3,0
HoNbAl2O6,0.011
HoNbO3,0
HoNdAl2O6,2.922
HoNdBMoO6,0
HoNdGa2O6,2.83
HoNiO3,0.2233
HoPdAl2O6,0
HoPdO3,0.1408
HoPmAl2O6,2.9183
HoPmGa2O6,2.8267
HoPmO3,0.3757
HoPrAl2O6,2.9284
HoPrGa2O6,2.8363
HoPrO3,0.4253
HoRhAl2O6,0.078
HoRhGa2O6,0.0687
HoRhO3,0
HoRuO3,0
HoSbO3,0
HoScAl2O6,1.7269
HoScCr2O6,0
HoScO3,2.5026
HoSmAl2O6,2.9278
HoSmBMoO6,0
HoSmGa2O6,2.8356
HoTaAl2O6,0
HoTaO3,0
HoTbAl2O6,2.9501
HoTbBMoO6,0
HoTbCr2O6,0.0252
HoTbGa2O6,2.8554
HoTbO3,1.0209
HoTlAl2O6,0
HoTlGa2O6,0.0078
HoTlO3,0.3644
HoTmAl2O6,3.0149
HoTmCr2O6,0.051
HoTmGa2O6,2.9192
HoTmO3,1.5904
HoVAl2O6,0
HoVGa2O6,0
HoVO3,0
HoYAl2O6,2.8852
HoYbAl2O6,0.018
HoYbCr2O6,0
HoYbGa2O6,0
HoYGa2O6,2.7866
HoYO3,1.3061
InAgHfCoO6,0
InAgHfCuO6,0
InAgHfGeO6,0
InAgHfSnO6,0
InAgTaPtO6,0.0591
InAgWGaO6,0.0363
InAsO3,0
InAuWAlO6,0.0466
InBaMoCdO6,0.0132
InBO3,0
InCaRePtO6,0
InCdHfCoO6,0
InCdWGaO6,0
InCoO3,0
InCrB2O6,0
InCrO3,0
InCsHfPtO6,0
InCsHfSnO6,0.0099
InFeO3,0
InIrO3,0
InKHfPtO6,0
InMoO3,0.1063
InNiO3,0.0984
InRhO3,0
InRuO3,0
InSrRePtO6,0
InSrWGaO6,0.9517
InTiO3,0
InTlHfGeO6,0
InTlHfNiO6,0
InTlHfSiO6,0.0034
InTlHfSnO6,0.0196
InTmWMgO6,0.4
InVB2O6,0
InYbWMgO6,0.0204
IrBaReAuO6,0
IrHgWAlO6,0
IrKReAuO6,0.0004
IrNaReAuO6,0.0109
IrPtReAuO6,0
K2OsYO6,0.0474
K2ReAuO6,0.0315
KAsO3,0
KBiO3,0.4914
KBrO3,0.1494
KCeTa2O6,0
KCsReTbO6,1.5221
KCsTa2O6,1.9664
KCsWTbO6,0
KIO3,0
KLaHf2O6,2.5015
KLaMnWO6,1.1266
KMoO3,0
KNaTa2O6,2.1715
KNbO3,1.4121
KNO3,0
KPO3,5.0617
KSbO3,2.0039
KTaO3,2.0995
KVO3,0.2186
KWO3,0
KYbHf2O6,0
La2AlBO6,3.6959
La2CaTiO6,2.6234
La2CaZrO6,2.2496
La2CoFeO6,0.2608
La2CoIrO6,0
La2CoMnO6,0
La2CoRhO6,0
La2CoRuO6,0
La2CoTiO6,0
La2CoYbO6,0
La2CrCoO6,0
La2CrFeO6,0
La2CrMnO6,0
La2CrRhO6,0
La2CuIrO6,0
La2CuMnO6,0
La2CuRhO6,0
La2CuRuO6,0
La2CuSnO6,0.0026
La2CuTiO6,0.0033
La2CuZrO6,0.001
La2DyAsO6,0.0058
La2DyErO6,1.8214
La2DyGaO6,2.6467
La2DyHoO6,1.7688
La2DyInO6,1.8759
La2DyLuO6,1.9706
La2DyTlO6,1.2387
La2DyTmO6,1.8779
La2DyYO6,1.7684
La2ErAsO6,0.0378
La2ErCoO6,1.3492
La2ErCrO6,0.6157
La2ErFeO6,0
La2ErGaO6,2.7392
La2ErInO6,2.0017
La2ErLuO6,2.0761
La2ErMnO6,0
La2ErMoO6,0
La2ErNiO6,0
La2ErRuO6,0
La2ErTlO6,1.3597
La2ErTmO6,1.9841
La2ErVO6,0
La2EuGaO6,0
La2FeIrO6,0
La2FeMnO6,0
La2FeRhO6,0
La2FeRuO6,0.0629
La2FeTiO6,0.5959
La2FeVO6,0
La2GaCoO6,0.1912
La2GaFeO6,0
La2GaMnO6,0.0391
La2GaNiO6,0
La2GaRuO6,0.0065
La2GdCoO6,1.2647
La2GdCrO6,0.5295
La2GdGaO6,1.8878
La2GdInO6,1.1649
La2GdLuO6,1.1604
La2GdVO6,0
La2HfCoO6,0
La2HoAsO6,0.0092
La2HoCoO6,1.3596
La2HoCrO6,0.5887
La2HoErO6,1.8758
La2HoFeO6,0
La2HoGaO6,2.6941
La2HoInO6,1.9402
La2HoIrO6,0.5893
La2HoLuO6,2.0245
La2HoMnO6,0
La2HoMoO6,0
La2HoNiO6,0.0142
La2HoRhO6,1.1028
La2HoRuO6,0
La2HoTiO6,0
La2HoTlO6,1.3003
La2HoTmO6,1.9322
La2HoVO6,0
La2InAgO6,0.0595
La2InGaO6,2.7776
La2KNbO6,1.872
La2LiIrO6,0
La2LiMoO6,0
La2LiNbO6,2.8241
La2LiOsO6,0.0369
La2LiReO6,0
La2LiRuO6,0.0003
La2LiSbO6,3.3086
La2LiVO6,1.9389
La2LuAsO6,0.026
La2LuCoO6,1.3047
La2LuCrO6,0.6965
La2LuFeO6,0
La2LuGaO6,2.8596
La2LuInO6,2.1751
La2LuIrO6,0.6684
La2LuMnO6,0
La2LuMoO6,0
La2LuNbO6,0
La2LuNiO6,0
La2LuRhO6,1.2017
La2LuRuO6,0
La2LuTiO6,0
La2LuTlO6,1.53
La2LuVO6,0
La2MgGeO6,3.364
La2MgHfO6,3.0299
La2MgIrO6,0.0073
La2MgMnO6,1.6867
La2MgPtO6,2.0012
La2MgRhO6,0.0117
La2MgRuO6,0
La2MgSnO6,3.129
La2MgTiO6,3.0364
La2MgZrO6,2.9647
La2MnIrO6,0
La2MnRhO6,0
La2MnRuO6,0
La2MnTiO6,0.0016
La2MnTmO6,0
La2MnVO6,0
La2MoCdO6,0
La2NaIrO6,0.0036
La2NaOsO6,0
La2NaRuO6,0.0332
La2NiCoO6,0
La2NiDyO6,0.0107
La2NiFeO6,0
La2NiGeO6,0.2131
La2NiIrO6,0
La2NiMnO6,1.2797
La2NiPtO6,0
La2NiRhO6,0
La2NiRuO6,0
La2NiSnO6,0
La2NiTiO6,0
La2NiTmO6,0
La2NiVO6,0
La2NiZrO6,1.9201
La2PmCoO6,1.1612
La2PrCoO6,1.0645
La2ScGaO6,3.1321
La2ScInO6,2.5967
La2ScMnO6,0
La2TaAlO6,0
La2TbDyO6,1.6556
La2TbErO6,1.7633
La2TbGeO6,0
La2TbHoO6,1.7105
La2TbLuO6,1.913
La2TbMgO6,0
La2TbNiO6,0.0062
La2TbTmO6,1.82
La2TbVO6,0
La2TbZnO6,0
La2TlCoO6,0
La2TlCrO6,0.0836
La2TlGaO6,1.2506
La2TlInO6,0.9498
La2TlTiO6,0
La2TlVO6,0
La2TmAsO6,0.0562
La2TmCoO6,1.3327
La2TmCrO6,0.6464
La2TmGaO6,2.7848
La2TmInO6,2.0674
La2TmLuO6,2.1316
La2TmTlO6,1.4238
La2VTmO6,0
La2WCdO6,0
La2WMgO6,0
La2WNdO6,0
La2YCoO6,1.3777
La2YErO6,1.8728
La2YGaO6,2.7056
La2YHoO6,1.8218
La2YInO6,1.9411
La2YLuO6,2.018
La2YTmO6,1.9279
La2ZnHfO6,2.0277
La2ZnIrO6,0.0055
La2ZnMnO6,0
La2ZnPtO6,1.3023
La2ZnRhO6,0.0115
La2ZnRuO6,0
La2ZnTiO6,2.4426
LaAgAuCdO6,0
LaAgAuHgO6,0.0004
LaAgMoCdO6,1.7431
LaAgReAuO6,0.0129
LaAgWCdO6,1.9748
LaAgZrTeO6,0.1745
LaAlGa2O6,0
LaAlO3,3.4924
LaBaAuMnO6,0
LaBaCo2O6,0
LaBaCoInO6,0
LaBaCoLuO6,0
LaBaCrLuO6,0
LaBaGeAsO6,1.0242
LaBaHfAgO6,0.109
LaBaHfTiO6,0.069
LaBaMoCdO6,0
LaBaMoHgO6,0
LaBaMoYbO6,0
LaBaNbInO6,0
LaBaNbTlO6,0
LaBaPrAgO6,0
LaBaPtTaO6,0
LaBaPtTiO6,0
LaBaSeYbO6,0.0266
LaBaSiAlO6,3.8464
LaBaSiAsO6,2.1022
LaBaSiTaO6,0
LaBaTaAlO6,0.0035
LaBaTaBiO6,0
LaBaTaScO6,0.0143
LaBaTcYO6,0.0082
LaBaTeMoO6,0.26
LaBaTeNbO6,0.0062
LaBaTePdO6,0
LaBaTiBiO6,0.7895
LaBaTiGdO6,1.8889
LaBaTiTmO6,2.4488
LaBaWAlO6,0.0128
LaBaZrBiO6,0.2087
LaBiMoCdO6,0
LaBO3,1.7947
LaCaAuCdO6,0.9161
LaCaHfAgO6,0.1139
LaCaHfSbO6,0.0392
LaCaMnCoO6,0
LaCaMnNbO6,0.0495
LaCaReAuO6,0
LaCaSiAlO6,4.2745
LaCaSiBO6,2.4212
LaCdReAuO6,0
LaCdTaAuO6,0
LaCeGa2O6,0.0512
LaCeGdCoO6,0.0461
LaCePrCoO6,0.0729
LaCeWMgO6,0
LaCoO3,0.4388
LaCrO3,1.9039
LaCsAsAlO6,0
LaCsAuCeO6,0
LaCsAuGdO6,1.2505
LaCsAuLuO6,1.0453
LaCsAuPrO6,1.4253
LaCsAuScO6,0.9085
LaCsAuTaO6,0.1071
LaCsAuTiO6,0.0569
LaCsAuTmO6,1.1481
LaCsAuYbO6,0
LaCsAuYO6,1.3305
LaCsBiGdO6,1.5756
LaCsBiPrO6,1.7222
LaCsBiTmO6,1.6659
LaCsBiYO6,1.7319
LaCsHfFeO6,0
LaCsHfMnO6,1.2719
LaCsHfSnO6,2.5553
LaCsHfTeO6,0.5023
LaCsHfTiO6,2.2192
LaCsHfVO6,0.0061
LaCsHfZrO6,2.2825
LaCsNbBiO6,0.541
LaCsNbInO6,2.4557
LaCsNbPrO6,1.6507
LaCsNbTmO6,2.1705
LaCsNbYO6,2.0661
LaCsPtCeO6,1.2688
LaCsSbBiO6,1.0527
LaCsSbTmO6,2.3589
LaCsSbYO6,2.219
LaCsSeVO6,0
LaCsTaAlO6,2.741
LaCsTaBiO6,0.6629
LaCsTaGdO6,1.8186
LaCsTaInO6,2.5252
LaCsTaPrO6,1.7505
LaCsTaScO6,2.4943
LaCsTaTiO6,0.0584
LaCsTaTlO6,2.2325
LaCsTaTmO6,2.2522
LaCsTaYO6,2.132
LaCsVGdO6,1.2882
LaCsVTmO6,1.3622
LaCsZrSnO6,2.4601
LaCuO3,0
LaDyBCoO6,0
LaDyBMoO6,0
LaDyBVO6,0
LaDyCr2O6,0.1121
LaDyMnGaO6,0
LaDySiMoO6,0
LaErCr2O6,0.1226
LaEuAl2O6,0
LaEuCoLuO6,0
LaEuCr2O6,0
LaEuCrLuO6,0
LaEuGa2O6,0
LaEuNbInO6,0
LaEuTaAlO6,0
LaEuWMgO6,0
LaFeO3,0.8484
LaGaAl2O6,0
LaGaO3,3.3659
LaGdAl2O6,1.9589
LaGdTaAlO6,0
LaHgReAuO6,0.0371
LaHgTaAuO6,0.0718
LaHgTiTeO6,0.0205
LaHoCr2O6,0.1171
LaInAl2O6,0.0462
LaInGa2O6,0
LaInO3,2.0351
LaInWMgO6,0.5979
LaIrO3,0
LaKAuCeO6,0.0018
LaKAuGdO6,1.5757
LaKAuLuO6,1.4478
LaKAuPrO6,1.6594
LaKAuTaO6,0.112
LaKAuTmO6,1.5283
LaKAuYbO6,0.0074
LaKAuYO6,1.6289
LaKBiPrO6,1.8092
LaKBiYO6,1.9899
LaKHfPtO6,1.767
LaKHfTeO6,0.3936
LaKPtTaO6,0
LaKReAuO6,0
LaKTaBiO6,0.5443
LaKTaGdO6,1.8494
LaKTaInO6,2.6771
LaKTaPrO6,1.8373
LaKTaTeO6,0
LaKTaTlO6,2.3417
LaKTaTmO6,2.3713
LaLiPtTaO6,0
LaLiReAuO6,0.0154
LaLiTaAuO6,0.1151
LaLuAl2O6,3.2739
LaLuCr2O6,0.141
LaLuGa2O6,3.1591
LaLuHfCoO6,0.0141
LaLuO3,2.2224
LaLuTaAlO6,0
LaLuWMgO6,0
LaMgWAlO6,0
LaMnO3,0
LaMnReAuO6,0
LaMoAl2O6,0
LaMoGa2O6,0
LaNaMnMoO6,0
LaNaTaAuO6,0.1142
LaNbAl2O6,0.0417
LaNbGa2O6,0.0075
LaNbO3,0
LaNdAl2O6,3.148
LaNdCr2O6,0.0948
LaNdGa2O6,3.0403
LaNdGeAlO6,0
LaNdMnInO6,0
LaNdRuAlO6,0
LaNdSeAlO6,0.0106
LaNdSiAlO6,0
LaNdSiInO6,0
LaNdSiMoO6,0
LaNiO3,0
LaPbMoCaO6,0.0103
LaPbMoCdO6,0
LaPbReAuO6,0
LaPbTaAuO6,0
LaPbTiAuO6,0
LaPdAl2O6,0
LaPdO3,0.0161
LaPmAl2O6,3.1387
LaPmCr2O6,0.0953
LaPmGa2O6,3.0308
LaPmO3,1.0668
LaPrAl2O6,3.1613
LaPrCr2O6,0.0943
LaPrGa2O6,3.0541
LaPrTaAlO6,0
LaRbAsAlO6,0.7296
LaRbAuCeO6,0.001
LaRbAuGdO6,1.526
LaRbAuLuO6,1.3541
LaRbAuPrO6,1.6016
LaRbAuScO6,1.2425
LaRbAuTaO6,0.1102
LaRbAuTiO6,0
LaRbAuTmO6,1.4385
LaRbAuYbO6,0
LaRbAuYO6,1.5626
LaRbBiYO6,1.9688
LaRbHfTcO6,0.0527
LaRbHfTeO6,0.4314
LaRbHfZrO6,2.3544
LaRbMnAuO6,0
LaRbMoYbO6,1.8518
LaRbPtTaO6,0
LaRbReAuO6,0
LaRbTaBiO6,0.5855
LaRbTaGdO6,1.8439
LaRbTaInO6,2.6192
LaRbTaPrO6,1.8061
LaRbTaTeO6,0
LaRbTaTlO6,2.3174
LaRbTaTmO6,2.3267
LaRbTaYO6,2.2025
LaRhAl2O6,0.0717
LaRhGa2O6,0.0646
LaRhO3,0
LaRuO3,0
LaSbO3,0
LaScAl2O6,1.745
LaScCr2O6,0
LaScO3,2.8177
LaSmAl2O6,3.1464
LaSmCr2O6,0.0994
LaSmGa2O6,3.0377
LaSmGeAlO6,0
LaSmMnGaO6,0
LaSmSeAlO6,0.0042
LaSmSiAlO6,0.0551
LaSmSiBO6,0
LaSmSiMoO6,0
LaSrAuTmO6,0.0168
LaSrCoLuO6,0
LaSrCoNbO6,0
LaSrCoRuO6,0
LaSrCuRuO6,0
LaSrCuSbO6,0
LaSrFeCoO6,0
LaSrFeNiO6,0
LaSrGeLuO6,2.9203
LaSrHfFeO6,0.0047
LaSrHfMnO6,0
LaSrHfNiO6,0.1161
LaSrMnCoO6,0
LaSrMoTaO6,0
LaSrMoYbO6,0
LaSrNbGdO6,0
LaSrNbTlO6,0
LaSrNiRuO6,0.1813
LaSrNiSbO6,0
LaSrNiTaO6,2.6746
LaSrReAuO6,0
LaSrSeYbO6,0.032
LaSrTaGaO6,0
LaSrTaPtO6,0
LaSrTiTlO6,2.4127
LaSrWGaO6,0
LaTaAl2O6,0
LaTaGa2O6,0
LaTaO3,0
LaTbAl2O6,3.1625
LaTbBMoO6,0
LaTbCr2O6,0.1073
LaTbGa2O6,3.0499
LaTiAl2O6,0
LaTiO3,0
LaTlAl2O6,0
LaTlAuTiO6,0
LaTlBiYO6,1.2967
LaTlGa2O6,0
LaTlNbScO6,1.3309
LaTlNbTmO6,1.4966
LaTlSbScO6,1.4681
LaTlSeCdO6,0.0003
LaTlSeTiO6,1.4147
LaTlSnMgO6,0
LaTlTaAuO6,0
LaTlTaScO6,1.4242
LaTlTaTeO6,0
LaTlWMgO6,1.3643
LaTlZrSnO6,1.4754
LaTlZrTiO6,1.0838
LaTmAl2O6,3.2331
LaTmCoLuO6,1.2625
LaTmCr2O6,0.1289
LaTmCrLuO6,0
LaTmGa2O6,3.1191
LaTmHfCoO6,0.0194
LaTmMoCdO6,0
LaTmNbInO6,0
LaTmO3,2.0401
LaTmReAuO6,0
LaTmSeYbO6,0.068
LaTmSiVO6,0.008
LaTmTaAlO6,0
LaTmTaGaO6,0
LaTmWCdO6,0
LaTmWMgO6,0
LaVAl2O6,0
LaVGa2O6,0
LaVO3,0
LaYAl2O6,3.0682
LaYbCoTmO6,0.0054
LaYbCr2O6,0
LaYbCrTmO6,0.0047
LaYbGa2O6,0
LaYbHfAlO6,3.4083
LaYbHfCoO6,1.1246
LaYbHfCuO6,0.098
LaYbHfFeO6,0.006
LaYbMoCdO6,0.0054
LaYbNbInO6,0.0106
LaYbNbTmO6,0.0267
LaYbO3,0
LaYbReAuO6,0
LaYbTaAlO6,0
LaYbVTmO6,0
LaYbWCdO6,0
LaYbWMgO6,0.0515
LaYbZrGaO6,3.1723
LaYCr2O6,0.1009
LaYGa2O6,2.9507
LaYHfFeO6,0
LaYO3,1.819
LaYTmCoO6,1.1182
LiAsO3,0
LiBiO3,0
LiLaWMgO6,2.527
LiMoO3,0.1889
LiNbO3,1.5751
LiNO3,0
LiPO3,0.4551
LiReO3,0
LiSbO3,1.4496
LiTcO3,0
LiVO3,0
Lu2DyGaO6,1.748
Lu2ErGaO6,1.9254
Lu2GdGaO6,0.3598
Lu2HoGaO6,1.8384
Lu2InGaO6,1.9757
Lu2TaAlO6,0
Lu2TmAlO6,2.4539
Lu2TmBO6,2.728
Lu2TmGaO6,2.0183
Lu2YGaO6,1.8261
LuAgO3,0
LuAgReAuO6,0
LuAgTaAuO6,0
LuAgWMgO6,2.1155
LuAlGa2O6,0
LuAlO3,3.1252
LuAsO3,0
LuAuO3,0
LuBaReAuO6,0
LuBaTaAlO6,0
LuBaWAlO6,0
LuBO3,2.7981
LuCaPtTaO6,0
LuCaTaGaO6,0
LuCaWGaO6,0
LuCdWMgO6,0
LuCeGa2O6,0.0294
LuCoO3,0
LuCrB2O6,0.0612
LuCrO3,0.096
LuCsAuTiO6,0
LuCsHfMnO6,1.2477
LuCsHfTiO6,2.2036
LuCsNbInO6,2.2955
LuCsNbTmO6,2.0669
LuCsPtTaO6,0
LuCsSbScO6,2.3679
LuCsTaInO6,2.298
LuCsTaScO6,2.5868
LuCsTaTeO6,0
LuCsTaTiO6,0
LuCsTiTeO6,0.8695
LuCsVTmO6,1.3687
LuCsZrCoO6,0
LuDyO3,0.4678
LuEuGa2O6,0
LuFeO3,0
LuGaAl2O6,0.0259
LuGaO3,3.0274
LuHgAuTiO6,0
LuHgReAuO6,0.0388
LuInAl2O6,0
LuInGa2O6,0
LuInO3,0.7617
LuIrO3,0
LuKHfGeO6,3.0861
LuKPtTaO6,0
LuKTaAuO6,0.1179
LuKTaInO6,2.4894
LuKTaTmO6,2.236
LuLiAuTaO6,0
LuLiPtTaO6,0
LuMnO3,0
LuMoAl2O6,0
LuMoO3,0
LuNaPtTaO6,0
LuNaReAuO6,0
LuNbAl2O6,0.0096
LuNbO3,0
LuNdGa2O6,2.9079
LuNiO3,0.0107
LuPbWAlO6,0
LuPdAl2O6,0
LuPdO3,0
LuPmGa2O6,2.9035
LuPrGa2O6,2.9152
LuRbAuTiO6,0
LuRbHfTiO6,2.2557
LuRbPtTaO6,0
LuRbTaInO6,2.4155
LuRbTaScO6,2.6976
LuRbTaTiO6,0
LuRhAl2O6,0.0798
LuRhO3,0
LuRuO3,0
LuSbO3,0
LuScAl2O6,1.7638
LuScCr2O6,0
LuSmAl2O6,3.0051
LuSmGa2O6,2.9119
LuSrTaPtO6,0
LuSrWGaO6,0
LuSrWMgO6,0
LuTaAl2O6,0
LuTaO3,0.0199
LuTbAl2O6,3.0257
LuTbBCrO6,0.8737
LuTbBMoO6,0
LuTbBVO6,0
LuTbGa2O6,2.9298
LuTlAl2O6,0
LuTlAuTiO6,0
LuTlCrTmO6,0
LuTlGa2O6,0.0211
LuTlNbInO6,1.7278
LuTlPtTaO6,0
LuTlTaAuO6,0.1034
LuTlVTmO6,0.7233
LuTlWAlO6,0
LuTmAl2O6,3.0894
LuTmGa2O6,2.993
LuTmHfCoO6,0
LuTmO3,0.8735
LuTmTaGaO6,0
LuTmWMgO6,0
LuTmZrAlO6,0
LuVAl2O6,0
LuVB2O6,0
LuVEr2O6,0
LuVHo2O6,0
LuVO3,0
LuYAl2O6,2.9573
LuYbCoTmO6,0
LuYbGa2O6,0
LuYbHfCoO6,1.2305
LuYbNbMgO6,3.014
LuYbWMgO6,0
LuYGa2O6,2.8571
MgCeO3,0
MgCO3,0
MgCoNi2O6,0
MgCoW2O6,0
MgCrNi2O6,0
MgCrW2O6,0
MgCsVTbO6,0
MgCsWDyO6,0.9641
MgCsWInO6,1.2539
MgFeNi2O6,0
MgGeO3,1.5499
MgKWCeO6,0.1377
MgKWDyO6,1.0614
MgKWInO6,1.3863
MgLiWAlO6,2.2486
MgSeO3,0
MgSiO3,2.9292
MgSnO3,1.3084
MgTiNi2O6,0
MgTiO3,1.9098
MgVNi2O6,0
MgVO3,0
MnBaLuAuO6,0.9815
MnCsReAuO6,0
MnCsTa2O6,0
MnCsWDyO6,0.5788
MnCsWInO6,0.8669
MnCsWLuO6,0.7394
MnGeO3,0.6429
MnHgWGaO6,0
MnIrO3,0
MnKReAuO6,0
MnNaWAlO6,1.7775
MnNaWSrO6,0.0039
MnOsO3,0
MnPdO3,0
MnPtO3,0
MnRbReAuO6,0
MnReO3,0
MnRhO3,0
MnRuO3,0
MnSeO3,0
MnSiO3,1.8483
MnSnO3,0.483
MnSrVAlO6,1.0241
MnTcO3,0
MnTlAuTiO6,0
MnTlReAuO6,0
MnVO3,0
MnWO3,0
MoAlO3,0
MoBaAl2O6,0
MoMgFe2O6,0
MoPbCo2O6,0
Na2TaNbO6,1.8307
NaAsO3,0
NaBiO3,0
NaEuTi2O6,0
NaGdMgWO6,1.1665
NaIO3,0.0394
NaIrO3,0
NaLaMnWO6,1.0188
NaNbO3,1.5249
NaNdCoWO6,0.0256
NaNdMgWO6,2.5615
NaNdMnWO6,1.043
NaNO3,0
NaPO3,0.3442
NaSbO3,1.4696
NaSmTi2O6,1.6859
NaTaO3,2.2603
NaTbMnWO6,0.8692
NaVO3,0.2168
NaWO3,0
NbBaAl2O6,0
NbBaCoInO6,0
NbBaCrInO6,0
NbBaFeInO6,0.0051
NbBaNiInO6,0
NbCsWInO6,0
NbLuGa2O6,0.0066
NbMgMn2O6,0
NbMgNi2O6,0
Nd2AlBO6,3.0253
Nd2AsErO6,0
Nd2AsHoO6,0.0205
Nd2AsTmO6,0
Nd2CoMnO6,0
Nd2CoPtO6,0.0022
Nd2CoRuO6,0
Nd2CuIrO6,0.0317
Nd2CuMnO6,0.0139
Nd2CuSnO6,0.1227
Nd2CuTiO6,0.0085
Nd2DyCoO6,0.8472
Nd2DyErO6,1.6241
Nd2DyGaO6,2.1889
Nd2DyHoO6,1.5841
Nd2DyInO6,1.6018
Nd2DyLuO6,1.7328
Nd2DyTmO6,1.6646
Nd2DyYO6,1.6037
Nd2ErCoO6,0.9101
Nd2ErGaO6,2.2819
Nd2ErInO6,1.6954
Nd2ErLuO6,1.8093
Nd2ErNiO6,0
Nd2ErTmO6,1.7429
Nd2GaMnO6,0
Nd2GdCoO6,0.7536
Nd2GdGaO6,1.3799
Nd2HoCoO6,0.8792
Nd2HoErO6,1.6642
Nd2HoGaO6,2.2363
Nd2HoInO6,1.6493
Nd2HoLuO6,1.7716
Nd2HoTmO6,1.7043
Nd2InGaO6,2.2978
Nd2KNbO6,1.7651
Nd2LiIrO6,0
Nd2LiOsO6,0.0888
Nd2LiRuO6,0.0119
Nd2LuGaO6,2.4034
Nd2LuInO6,1.8208
Nd2LuTlO6,1.2757
Nd2MgIrO6,0.0189
Nd2MgPtO6,1.6922
Nd2MgSnO6,2.572
Nd2MgTiO6,2.6614
Nd2MnNiO6,0.2646
Nd2MnRhO6,0.0705
Nd2MnTiO6,0
Nd2NaIrO6,0.0288
Nd2NaOsO6,0.0142
Nd2NaRuO6,0.0074
Nd2NiPtO6,0.0131
Nd2NiRuO6,0
Nd2PmCoO6,0.6632
Nd2PtErO6,0
Nd2PtHoO6,0
Nd2PtLuO6,0
Nd2RhLuO6,0.6166
Nd2RuLuO6,0.0044
Nd2ScGaO6,2.5963
Nd2TbDyO6,1.4988
Nd2TbErO6,1.5807
Nd2TbHoO6,1.5404
Nd2TbLuO6,1.6908
Nd2TbTmO6,1.6217
Nd2TlGaO6,1.3071
Nd2TlInO6,0.8301
Nd2TmAlO6,2.4193
Nd2TmBO6,2.4573
Nd2TmCoO6,0.944
Nd2TmCuO6,0
Nd2TmGaO6,2.3278
Nd2TmInO6,1.7423
Nd2TmLuO6,1.8477
Nd2TmNiO6,0
Nd2VTbO6,0
Nd2YCoO6,0.8617
Nd2YErO6,1.6818
Nd2YGaO6,2.2521
Nd2YHoO6,1.6434
Nd2YInO6,1.6729
Nd2YTmO6,1.7209
Nd2ZnPtO6,1.3777
NdAgO3,0
NdAlGa2O6,0
NdAlO3,2.8636
NdAsO3,0
NdAuFeInO6,0
NdAuMnInO6,0
NdAuO3,0
NdBaAuCaO6,2.0108
NdBaCo2O6,0
NdBaFe2O6,0
NdBaMn2O6,0
NdBaMnInO6,0.7599
NdBaSeErO6,1.0839
NdBaSeGaO6,1.1913
NdBaSeHoO6,1.027
NdBaSeScO6,1.668
NdBaSeTiO6,0
NdBaSiErO6,3.035
NdBaSiGaO6,2.3252
NdBaSiHoO6,3.007
NdBaVAsO6,0
NdBO3,1.9655
NdCeAl2O6,0.0025
NdCeCr2O6,0
NdCeO3,0
NdCoO3,0.7914
NdCrB2O6,0
NdCrO3,1.904
NdCsCrInO6,0
NdCsFeInO6,0
NdCsMnTbO6,0
NdCsVInO6,1.638
NdCsWInO6,0
NdCsWTlO6,0.1404
NdDyBMoO6,0
NdDyCr2O6,0.0284
NdErCr2O6,0.0414
NdErO3,1.7033
NdEuAl2O6,0
NdEuSiAlO6,0
NdFeO3,0
NdGaAl2O6,0.0253
NdGaO3,0
NdGdAl2O6,1.9624
NdHfO3,0
NdHoCr2O6,0.0344
NdHoO3,1.6248
NdInAl2O6,0
NdInGa2O6,0
NdInO3,1.6468
NdIrO3,0
NdLaBAlO6,3.3295
NdLaBInO6,2.7702
NdLaBMoO6,0
NdLaCoInO6,0.3426
NdLaCuAlO6,0
NdLaGaMnO6,0
NdLaNiInO6,0
NdLaO3,0.4822
NdLiWInO6,0
NdLuAl2O6,3.0009
NdLuCr2O6,0.0679
NdMgNi2O6,0
NdMnO3,0
NdMoO3,0
NdNbO3,0.0045
NdNiO3,0.2526
NdOsO3,0
NdPbO3,0
NdPdO3,0.0185
NdPmAl2O6,2.8628
NdPmGa2O6,2.7752
NdPmO3,1.0368
NdPrGa2O6,2.7866
NdPtO3,0
NdReO3,0
NdRhO3,0
NdRuO3,0
NdScAl2O6,1.6597
NdScO3,2.39
NdSmAl2O6,2.8724
NdSmBAlO6,3.0295
NdSmBMoO6,0
NdSmCr2O6,0.0219
NdSmGa2O6,2.7842
NdSmGaAlO6,2.8232
NdSmGeAlO6,0.0377
NdSmMnInO6,0
NdSmSeAlO6,0.0136
NdSmSiAlO6,0
NdSnO3,0
NdSrCrInO6,0
NdSrFeInO6,0
NdSrMn2O6,0
NdSrMnInO6,0.9167
NdTaO3,0
NdTbAl2O6,2.8948
NdTbCr2O6,0.0231
NdTbO3,1.4542
NdTcO3,0
NdTeO3,0
NdTiO3,0
NdTlAl2O6,0
NdTlFeInO6,0
NdTlO3,0.4159
NdTmAl2O6,2.963
NdTmCr2O6,0.0499
NdTmGa2O6,2.8706
NdVO3,0
NdVTm2O6,0
NdWO3,0
NdYAl2O6,2.8263
NdYbAl2O6,0.0197
NdYbCr2O6,0
NdYbGa2O6,0
NdYbO3,0
NdYCr2O6,0.009
NdYGa2O6,2.7311
NdYO3,1.6608
NdZrO3,0
NiCsReAuO6,0
NiCsWInO6,0
NiKReAuO6,0
NiMnO3,0
NiNaReAuO6,0
NiRbReAuO6,0
NiTiO3,0
NiTlReAuO6,0
NiTlWGaO6,0
OsKWCeO6,0
OsKWCsO6,0
OsKWInO6,0
Pb2AlNbO6,2.4726
Pb2AuTaO6,0
Pb2AuTiO6,0
Pb2BiTaO6,0.6157
Pb2BiVO6,0.3219
Pb2BiYO6,1.9162
Pb2CaReO6,0
Pb2CaTeO6,2.4646
Pb2CdMoO6,1.8083
Pb2CdReO6,0
Pb2CdTeO6,1.3364
Pb2CdWO6,2.2257
Pb2CoMoO6,0
Pb2CoNbO6,1.2299
Pb2CoReO6,0
Pb2CoTaO6,0.509
Pb2CoWO6,0.0084
Pb2CrAlO6,0
Pb2CrGdO6,0
Pb2CrLuO6,0
Pb2CrNbO6,0.7112
Pb2CrTaO6,1.1594
Pb2CrTmO6,0
Pb2CuWO6,0.0028
Pb2DyNbO6,2.1718
Pb2FeMoO6,0.2905
Pb2FeNbO6,1.8713
Pb2FeReO6,0
Pb2FeTaO6,2.0945
Pb2FeTiO6,0
Pb2FeWO6,2.3575
Pb2GaNbO6,2.6941
Pb2HfVO6,0
Pb2HfWO6,0
Pb2HgCrO6,0.2197
Pb2InNbO6,2.406
Pb2LuNbO6,2.3297
Pb2MgMoO6,1.6178
Pb2MgReO6,0
Pb2MgTeO6,2.2616
Pb2MgWO6,2.7568
Pb2MnNbO6,0
Pb2MnTaO6,0
Pb2MnTeO6,1.0191
Pb2MoAlO6,0
Pb2MoInO6,0
Pb2MoYbO6,1.5884
Pb2NaIO6,2.6086
Pb2NbTaO6,0
Pb2NiMoO6,0
Pb2NiReO6,0
Pb2NiTeO6,0
Pb2NiWO6,2.7937
Pb2PtTaO6,0
Pb2ScNbO6,2.5749
Pb2ScSbO6,2.6669
Pb2ScTaO6,2.5824
Pb2TaAlO6,2.7198
Pb2TaSbO6,0.1799
Pb2TbHfO6,0.0153
Pb2TcScO6,0
Pb2TmNbO6,2.2724
Pb2VAlO6,0.6644
Pb2VLuO6,1.0962
Pb2VTmO6,1.1094
Pb2VYO6,1.1531
Pb2WAlO6,0
Pb2YbNbO6,0
Pb2YbTaO6,0
Pb2ZnMoO6,1.813
Pb2ZnReO6,0
Pb2ZnTeO6,0.9166
Pb2ZnWO6,2.6376
PbBaBiNbO6,1.0913
PbBaGdCoO6,0
PbBaTaAuO6,0.1025
PbBaTmCrO6,0.0143
PbBaYCoO6,0.0189
PbBaYFeO6,0.3456
PbCaAuTmO6,1.4512
PbCaCrLuO6,0.0112
PbCaReAuO6,0
PbCaTaAuO6,0.1082
PbCaVTmO6,1.2691
PbCdAuTaO6,0
PbCdAuTiO6,0
PbCdReAuO6,0
PbCdWAlO6,0.0404
PbCO3,0
PbCoWAlO6,0
PbCrO3,0
PbCsCrLuO6,0.5504
PbCsHfCuO6,0
PbCsNbInO6,0
PbCsNbZrO6,2.2482
PbCsPtTaO6,0.7173
PbCsReAuO6,0.0116
PbCsSeYbO6,0.0053
PbCsTaAuO6,0
PbCsTeScO6,2.1651
PbCsTeTiO6,0.1227
PbCsTiAuO6,0
PbCsVAlO6,0
PbCsVDyO6,0
PbCsVYO6,0
PbCsWAlO6,2.3667
PbCsWInO6,2.7026
PbCsWYO6,2.3351
PbCsZrAuO6,0.4003
PbDyCr2O6,0.0066
PbEuScSbO6,0.0466
PbEuTiAuO6,0
PbFeWAlO6,0
PbGeO3,0
PbHfO3,2.4149
PbHgAuTaO6,0.0268
PbHgAuTiO6,0
PbHgReAuO6,0
PbHgWAlO6,0.0451
PbIrO3,0
PbKCrLuO6,0.2352
PbKHfAuO6,0.7668
PbKPtTaO6,0.9751
PbKReAuO6,0.0122
PbKReInO6,0
PbKTaAuO6,0.0423
PbKTaInO6,0
PbKTiAuO6,0.1079
PbKWCeO6,0
PbKWCsO6,0
PbKWGaO6,2.7149
PbKWInO6,2.785
PbKZrAuO6,0.7196
PbMgAuTiO6,0
PbMgReAuO6,0.0317
PbMnO3,0
PbMnReAuO6,0
PbMnWAlO6,0
PbNaPtTaO6,1.0652
PbNaReAuO6,0.0118
PbNbO3,0
PbNiWAlO6,0.0207
PbOsO3,0
PbPdO3,0.0128
PbPtO3,0
PbPtWAlO6,0
PbRbNbTmO6,0
PbRbPtTaO6,0.892
PbRbReAuO6,0.0121
PbRbTaAuO6,0.0379
PbRbTeScO6,2.3707
PbRbTiAuO6,0.0645
PbRbWAlO6,2.5013
PbRbZrAuO6,0.6649
PbRhO3,0
PbRuO3,0
PbSiO3,1.1848
PbSnO3,1.0389
PbSrBiYO6,2.1095
PbSrCrLuO6,0
PbSrInNbO6,2.953
PbSrTmCrO6,0
PbSrTmVO6,1.3435
PbSrVCaO6,0
PbTaCo2O6,0
PbTaCr2O6,0
PbTcCo2O6,0
PbTeCr2O6,0
PbTiCr2O6,0
PbTiO3,1.585
PbTlCrLuO6,0.04
PbTlPtTaO6,0.2304
PbTlSeYbO6,0
PbTlTiAuO6,0.0193
PbTlWAlO6,0.9284
PbTmCr2O6,0
PbTmWAlO6,0
PbVO3,0
PbYbCo2O6,0
PbYbCr2O6,0
PbYbWAlO6,0
PbZnReAuO6,0
PbZnWAlO6,0.0458
PbZrCo2O6,0
PbZrO3,2.2792
Pd2MnBO6,0
Pd2NbGaO6,0
Pd2SbGaO6,0
PdBaAl2O6,0
PdCsMnInO6,0
PdCsReAuO6,0
PdCsWInO6,0
PdIrO3,0
PdKWCeO6,0
PdKWInO6,0
PdPtO3,0
PdReO3,0
PdRhO3,0
PdRuO3,0
Pm2AlBO6,3.0154
Pm2DyCoO6,0.8345
Pm2ErCoO6,0.8956
Pm2HoCoO6,0.8654
Pm2LuGaO6,2.3871
Pm2TmAlO6,2.4129
Pm2TmAsO6,0.0164
Pm2TmBO6,2.4514
Pm2TmCoO6,0.9287
Pm2TmCuO6,0.0285
Pm2TmNiO6,0
Pm2VCaO6,0
Pm2VInO6,0
Pm2VTbO6,0
PmAgO3,0
PmAlGa2O6,0
PmAlO3,2.859
PmAsO3,0
PmAuO3,0
PmBaAuCaO6,2.0226
PmBaSeErO6,1.0357
PmBaSeGaO6,1.2058
PmBaSeHoO6,0.9796
PmBaSeScO6,1.6174
PmBaSiErO6,3.0095
PmBaSiGaO6,2.3917
PmBaSiHoO6,2.9816
PmCeAl2O6,0.0008
PmCeCr2O6,0
PmCeO3,0
PmCoO3,0
PmCrB2O6,0.031
PmCrO3,0.0118
PmCsCrInO6,0
PmCsMnInO6,0
PmCsVInO6,1.641
PmCsVTlO6,1.4276
PmCsWInO6,0
PmCsWTlO6,0.1426
PmDyBMoO6,0
PmDyCr2O6,0.0194
PmErCr2O6,0.0325
PmErO3,1.6958
PmEuAl2O6,0
PmEuCr2O6,0
PmFeO3,0
PmGaAl2O6,0.0247
PmGdO3,0.2434
PmHoCr2O6,0.0254
PmInAl2O6,0
PmInGa2O6,0
PmIrO3,0
PmKWDyO6,0.0316
PmKWInO6,0
PmKWSrO6,2.3512
PmKWTbO6,0.0314
PmKWTlO6,0
PmLaBAlO6,3.3198
PmLaBInO6,2.818
PmLaBMoO6,0
PmLaCuAlO6,0
PmLuCr2O6,0.0595
PmMnO3,0
PmMoAl2O6,0
PmMoGa2O6,0
PmMoO3,0
PmNaMnInO6,0
PmNbAl2O6,0.0098
PmNbGa2O6,0.0113
PmNbO3,0
PmNdBAlO6,3.0202
PmNdBTbO6,2.3377
PmNdCr2O6,0.0198
PmNdGeAlO6,0.0583
PmNdSeAlO6,0.0053
PmNdSiAlO6,0.0006
PmNiO3,0.2472
PmPdAl2O6,0
PmPdO3,0.0194
PmPrAl2O6,2.8695
PmPrGa2O6,2.7819
PmPrO3,0.7569
PmRhAl2O6,0.0739
PmRhGa2O6,0.066
PmRhO3,0
PmRuO3,0
PmSbO3,0
PmScAl2O6,1.67
PmScCr2O6,0
PmSmAl2O6,2.8689
PmSmBAlO6,3.0247
PmSmCr2O6,0.0137
PmSmGa2O6,2.7806
PmSmGeAlO6,0.0063
PmSmO3,1.1287
PmSmSeAlO6,0.0405
PmSmSiAlO6,0
PmTaAl2O6,0
PmTaGa2O6,0
PmTaO3,0
PmTbAl2O6,2.8914
PmTbCr2O6,0.0141
PmTbGa2O6,2.8004
PmTiO3,0
PmTlAl2O6,0
PmTlGa2O6,0.0419
PmTlO3,0.3989
PmTmAl2O6,2.9588
PmTmCr2O6,0.0411
PmTmGa2O6,2.8668
PmTmO3,1.7674
PmVAl2O6,0
PmVGa2O6,0
PmYAl2O6,2.8249
PmYbAl2O6,0.0195
PmYbCr2O6,0
PmYbGa2O6,0
PmYCr2O6,0.0001
PmYGa2O6,2.7298
Pr2AlBO6,3.0423
Pr2DyCoO6,0.867
Pr2DyErO6,1.6474
Pr2DyGaO6,2.214
Pr2DyHoO6,1.6077
Pr2DyInO6,1.6324
Pr2DyLuO6,1.7553
Pr2DyTmO6,1.6877
Pr2DyYO6,1.6266
Pr2ErAsO6,0
Pr2ErCoO6,0.9318
Pr2ErGaO6,2.3062
Pr2ErInO6,1.7258
Pr2ErLuO6,1.8311
Pr2ErNiO6,0.0049
Pr2ErTmO6,1.7652
Pr2EuCoO6,0
Pr2EuCrO6,0
Pr2GdCoO6,0.7712
Pr2GdGaO6,1.421
Pr2HfCoO6,0
Pr2HfFeO6,0.1939
Pr2HoAsO6,0
Pr2HoCoO6,0.8998
Pr2HoErO6,1.6873
Pr2HoGaO6,2.2611
Pr2HoInO6,1.6799
Pr2HoLuO6,1.7938
Pr2HoTmO6,1.727
Pr2InGaO6,2.3305
Pr2InNbO6,0
Pr2LuCrO6,0
Pr2LuFeO6,0
Pr2LuGaO6,2.4265
Pr2LuInO6,1.8508
Pr2LuTlO6,1.3124
Pr2NdCrO6,0.1006
Pr2PmCoO6,0.6772
Pr2ScGaO6,2.6109
Pr2SmCrO6,0
Pr2TaAlO6,0
Pr2TbDyO6,1.5227
Pr2TbErO6,1.6043
Pr2TbHoO6,1.5641
Pr2TbLuO6,1.7135
Pr2TbNiO6,0.0792
Pr2TbTmO6,1.645
Pr2TbVO6,0
Pr2TlGaO6,1.2784
Pr2TlInO6,0.8558
Pr2TmAlO6,2.4328
Pr2TmAsO6,0.0769
Pr2TmCoO6,0.9668
Pr2TmCrO6,0
Pr2TmGaO6,2.3517
Pr2TmInO6,1.7726
Pr2TmLuO6,1.869
Pr2TmNiO6,0
Pr2TmTlO6,1.2333
Pr2TmVO6,0
Pr2WMgO6,0
Pr2YbCrO6,0.0218
Pr2YCoO6,0.8811
Pr2YErO6,1.7041
Pr2YGaO6,2.2755
Pr2YHoO6,1.6659
Pr2YInO6,1.7025
Pr2YTmO6,1.7428
PrAgMoCdO6,1.7229
PrAgO3,0
PrAgReAuO6,0
PrAlGa2O6,0
PrAlO3,2.8792
PrAsO3,0
PrAuO3,0
PrBaAl2O6,0
PrBaAlAsO6,0.0089
PrBaAlInO6,0.0185
PrBaCo2O6,0
PrBaCoGdO6,0
PrBaCoInO6,0
PrBaCoTmO6,0
PrBaCrGdO6,0.0138
PrBaCrInO6,0
PrBaCrLuO6,0
PrBaEuCoO6,0
PrBaFeGdO6,0
PrBaFeInO6,0
PrBaGa2O6,0.0134
PrBaGaAlO6,0.0205
PrBaGaBO6,0
PrBaGdNiO6,1.089
PrBaHfCoO6,0.9749
PrBaHfCrO6,0
PrBaHfCuO6,0
PrBaHfFeO6,0
PrBaHfMnO6,0
PrBaHfSbO6,0.0295
PrBaMnInO6,0
PrBaMoCdO6,0
PrBaMoYbO6,0.0521
PrBaNbBiO6,0
PrBaNiInO6,0.1736
PrBaSeErO6,1.1411
PrBaSeGaO6,1.1756
PrBaSeHoO6,1.0844
PrBaSeScO6,1.7277
PrBaSiErO6,3.0674
PrBaSiGaO6,2.2551
PrBaSiHoO6,3.0394
PrBaSiInO6,2.4706
PrBaSiNbO6,0
PrBaTaAlO6,0
PrBaTaBiO6,0
PrBaTcYO6,0
PrBaTmCrO6,0.004
PrBaTmFeO6,0
PrBaTmNiO6,1.0322
PrBaTmVO6,0.058
PrBaVInO6,0.0295
PrBaWAlO6,0
PrBaWCdO6,0
PrBaWHgO6,0
PrBaWMgO6,0
PrBiMoCdO6,0
PrBiSnMgO6,1.5015
PrBiWMgO6,0
PrBO3,1.8081
PrCaAl2O6,0.0201
PrCaAuCdO6,0.9244
PrCaGa2O6,0
PrCaPtCdO6,0.0176
PrCaPtYO6,2.1015
PrCaReAuO6,0.0185
PrCdHfCuO6,0.0993
PrCdReAuO6,0
PrCdSeTaO6,0
PrCeAl2O6,0.0032
PrCeCoTmO6,0.0481
PrCeCr2O6,0
PrCeGaAlO6,0.0116
PrCeLuCoO6,0.0293
PrCeO3,0
PrCePtCdO6,0.0578
PrCoO3,0
PrCrAl2O6,0
PrCrO3,1.847
PrCsAuCeO6,0
PrCsAuGdO6,1.2555
PrCsAuScO6,0.9149
PrCsAuTaO6,0.1072
PrCsAuTiO6,0
PrCsAuTmO6,1.1627
PrCsAuYbO6,0
PrCsAuYO6,1.3353
PrCsBiGdO6,1.7158
PrCsBiYO6,1.9777
PrCsCeZrO6,2.2987
PrCsCrGdO6,0
PrCsCrInO6,0
PrCsCrLuO6,0
PrCsCrTmO6,0.0442
PrCsFeInO6,0
PrCsGeInO6,0
PrCsHfAuO6,0.1941
PrCsHfCrO6,0.0001
PrCsHfCuO6,0
PrCsHfTcO6,0
PrCsHfTeO6,1.042
PrCsHfTiO6,2.1525
PrCsHfZrO6,2.5862
PrCsMnInO6,0
PrCsMoYbO6,1.9341
PrCsNbInO6,3.0284
PrCsNbYO6,2.4348
PrCsReAuO6,0
PrCsSbYO6,3.0296
PrCsSeTaO6,0
PrCsSeYbO6,1.8759
PrCsTaAlO6,2.902
PrCsTaBiO6,1.4007
PrCsTaGdO6,2.3537
PrCsTaInO6,3.2435
PrCsTaNbO6,0.0349
PrCsTaScO6,2.6411
PrCsTaTmO6,2.7046
PrCsTaYO6,2.6342
PrCsVInO6,1.6353
PrCsWInO6,0
PrCsWTlO6,0.139
PrCsZrSnO6,3.1312
PrCuReAuO6,0
PrDyAl2O6,2.914
PrDyBMoO6,0
PrDyCr2O6,0.0384
PrErCr2O6,0.0513
PrEuAl2O6,0
PrEuCoTmO6,0
PrEuCr2O6,0
PrEuCrTmO6,0
PrEuHfAlO6,0
PrEuHfCuO6,0
PrEuHfFeO6,0
PrEuLuCrO6,0
PrEuMoCdO6,0.0012
PrEuVTmO6,0
PrEuWCdO6,0
PrFeO3,0
PrGaAl2O6,0
PrGaO3,0
PrGdAl2O6,1.9379
PrGdCr2O6,0
PrGdGa2O6,1.6559
PrGdHfCoO6,0
PrGdTaAlO6,0
PrGdWMgO6,0
PrHfCo2O6,0
PrHfCr2O6,0
PrHfFe2O6,0
PrHfMn2O6,0
PrHfNi2O6,0.0271
PrHfV2O6,0
PrHgReAuO6,0.0375
PrHgTaAuO6,0.0702
PrHgTaTeO6,0.0855
PrHgTiTeO6,0.0217
PrHgWMgO6,0.0262
PrHoCr2O6,0.0445
PrHoMo2O6,0
PrHoNi2O6,0.0015
PrInAl2O6,0
PrInGa2O6,0
PrInO3,1.6853
PrIrO3,0
PrKAuCeO6,0
PrKAuGdO6,1.5803
PrKAuTaO6,0.112
PrKAuTmO6,1.5432
PrKAuYbO6,0
PrKAuYO6,1.6382
PrKBiGdO6,1.8063
PrKBiTmO6,1.9755
PrKBiYO6,2.1985
PrKCeHfO6,2.4663
PrKHfAuO6,0.0101
PrKHfSnO6,3.3667
PrKHfTcO6,0
PrKHfTeO6,0.8573
PrKHfTmO6,0
PrKMnInO6,0.0087
PrKNbBiO6,0.9918
PrKReAuO6,0
PrKSbBiO6,1.6546
PrKSbGdO6,1.7755
PrKSbTmO6,3.3185
PrKTaBiO6,1.2306
PrKTaGdO6,2.3232
PrKTaInO6,3.3168
PrKTaTeO6,0.0202
PrKTaTmO6,2.7432
PrKWCeO6,0
PrKWCsO6,0
PrKWDyO6,0.0273
PrKWInO6,0
PrKWTbO6,0.0163
PrKWTlO6,0.0808
PrLaBAlO6,3.3431
PrLaBInO6,2.7188
PrLaBMoO6,0.0142
PrLaCuAlO6,0
PrLaGaAlO6,3.1018
PrLaInNbO6,0
PrLaLuCoO6,1.27
PrLaLuCrO6,0.3966
PrLaO3,0.5069
PrLaTaPtO6,0
PrLiReAuO6,0
PrLuCr2O6,0.077
PrMgCo2O6,0
PrMgCr2O6,0
PrMgFe2O6,0
PrMgMn2O6,0
PrMgMo2O6,0
PrMnFe2O6,0
PrMnNi2O6,0
PrMnO3,0
PrMnV2O6,0
PrMoAl2O6,0
PrMoGa2O6,0
PrMoO3,0
PrNaHfSnO6,3.4145
PrNaMnInO6,0
PrNaTaInO6,3.3588
PrNaTaTmO6,2.7753
PrNaWCeO6,0
PrNbAl2O6,0.0224
PrNbGa2O6,0.0116
PrNbGaAlO6,0.0097
PrNbO3,0
PrNdAl2O6,2.8741
PrNdBAlO6,3.0335
PrNdCr2O6,0.0347
PrNdGaAlO6,2.825
PrNdGeAlO6,0.0051
PrNdMnAlO6,0
PrNdO3,0.9299
PrNdSeAlO6,0
PrNdSiAlO6,0
PrNiO3,0.2559
PrPbAuCdO6,0.6192
PrPbHfCoO6,1.0099
PrPbMoCaO6,0
PrPbMoCdO6,0.0043
PrPbNbScO6,0
PrPbNbTmO6,0
PrPbO3,0
PrPbPtCdO6,0.0011
PrPbReAuO6,0
PrPbWCaO6,0
PrPbWCdO6,0
PrPbWMgO6,0
PrPbZrAuO6,0
PrPdO3,0.0174
PrPmBAlO6,3.028
PrPmBMoO6,0
PrPmCr2O6,0.0286
PrPmMo2O6,0
PrPtO3,0
PrPtReAuO6,0
PrRbAuCeO6,0
PrRbAuGdO6,1.6496
PrRbAuLuO6,1.342
PrRbAuScO6,1.2476
PrRbAuTaO6,0.1103
PrRbAuTiO6,0
PrRbAuTmO6,1.4477
PrRbAuYbO6,0
PrRbAuYO6,1.5665
PrRbBiTmO6,1.8821
PrRbBiYO6,2.1184
PrRbCePtO6,1.35
PrRbCeSnO6,2.3006
PrRbCeZrO6,2.4444
PrRbCoTmO6,0
PrRbHfAuO6,0.19
PrRbHfCoO6,0.0019
PrRbHfCrO6,0
PrRbHfCuO6,0.0234
PrRbHfFeO6,0
PrRbHfGaO6,0
PrRbHfGdO6,0
PrRbHfGeO6,3.4753
PrRbHfMnO6,1.3184
PrRbHfNiO6,0.4354
PrRbHfPtO6,1.6996
PrRbHfSnO6,3.3375
PrRbHfTcO6,0
PrRbHfTeO6,0.9232
PrRbHfZrO6,2.6339
PrRbNbBiO6,1.0706
PrRbNbTmO6,2.4616
PrRbPtTaO6,0
PrRbReAuO6,0
PrRbSbBiO6,1.6802
PrRbSbGdO6,3.0412
PrRbSbTmO6,3.266
PrRbSeYbO6,2.095
PrRbTaBiO6,1.2922
PrRbTaGdO6,1.8073
PrRbTaInO6,3.2859
PrRbTaTeO6,0.0153
PrRbTaTmO6,2.7244
PrRbTaYO6,2.6577
PrRbZrAuO6,0
PrRhAl2O6,0.0719
PrRhGa2O6,0.0646
PrRhO3,0
PrRuO3,0
PrSbO3,0
PrScAl2O6,1.6497
PrScO3,2.4012
PrSmAl2O6,2.8791
PrSmBAlO6,3.0373
PrSmBMoO6,0
PrSmCr2O6,0.031
PrSmGeAlO6,0
PrSmO3,1.17
PrSmSiAlO6,0
PrSrAl2O6,0.0232
PrSrCo2O6,0
PrSrCoTmO6,0.0047
PrSrCrLuO6,0
PrSrFeTmO6,0
PrSrGa2O6,0.0064
PrSrGaAlO6,0.0248
PrSrHfCoO6,1.0893
PrSrHfCrO6,0.9278
PrSrHfCuO6,0.0716
PrSrLiTeO6,3.347
PrSrMnAlO6,1.1136
PrSrMnInO6,0.898
PrSrNbTmO6,0
PrSrPtCdO6,0.0193
PrSrSeYbO6,0.0157
PrSrSnTmO6,3.0491
PrSrTaGaO6,0
PrSrTaPtO6,0
PrSrWCdO6,0
PrTaAl2O6,0.0244
PrTaGa2O6,0
PrTaGaAlO6,0
PrTaO3,0
PrTbAl2O6,2.901
PrTbBMoO6,0
PrTbCr2O6,0.0331
PrTbGa2O6,2.8098
PrTlAl2O6,0
PrTlBiYO6,1.3929
PrTlCr2O6,0
PrTlGa2O6,0.0432
PrTlO3,0
PrTlSeTiO6,1.3896
PrTlTaBiO6,1.2968
PrTlTaTeO6,0
PrTlWAlO6,0
PrTmAl2O6,2.97
PrTmAuCdO6,0
PrTmCoLuO6,1.1047
PrTmCr2O6,0.0597
PrTmCrLuO6,0
PrTmMoCdO6,0
PrTmNbInO6,0
PrTmReAuO6,0
PrTmTaAlO6,0
PrVO3,0
PrYAl2O6,2.83
PrYbCr2O6,0
PrYbHfAlO6,3.488
PrYbNbInO6,0
PrYbO3,0
PrYbReAuO6,0
PrYbTaAlO6,0
PrYbZrGaO6,3.4011
PrYCr2O6,0.0196
PrYGa2O6,2.7345
Pt2WAlO6,0
PtCoWAlO6,0
PtCsVInO6,0
PtCsWInO6,0
PtCuReAuO6,0
PtErCo2O6,0
PtErNi2O6,0
PtErV2O6,0
PtEuNi2O6,0
PtKWCeO6,0
PtKWCsO6,0
PtKWInO6,0
PtNiWAlO6,0
PtTlWAlO6,0.0266
PtZnCo2O6,0
PtZnNi2O6,0
PtZnReAuO6,0
PtZnV2O6,0
PtZnWAlO6,0
Rb2OsGdO6,0
Rb2ReAuO6,0.0029
Rb2TaNbO6,1.6218
RbBrO3,0
RbCeTa2O6,0
RbCsTa2O6,1.9269
RbCsWTbO6,0
RbIO3,0.0418
RbKTa2O6,2.0467
RbLaTa2O6,0
RbMnO3,0
RbNaTa2O6,2.1183
RbNbO3,1.3563
RbNO3,0
RbPO3,0
RbTaO3,2.0024
RbVO3,0.2498
RbYbHf2O6,0
ReBaAl2O6,0
ReBaInFeO6,0
ReBaMnInO6,0
ReCsFeInO6,0
ReDyAl2O6,0.0232
ReNdAl2O6,0.0241
ReNdGa2O6,0.0214
ReSmAl2O6,0.0237
ReTmAl2O6,0.0229
RhBaAl2O6,0
RhBaMnInO6,0
RhBaSiPmO6,0
RhBaTbAuO6,0
RhCsFeInO6,0
RhCsMnInO6,0.0242
RhCsReAuO6,0
RhCsWInO6,0
RhKWCeO6,0
RhKWInO6,0
RhRbReAuO6,0
RhSmAl2O6,0.075
RhTlReAuO6,0
RuBaSc2O6,0.0281
RuBaTbAuO6,0
RuCsWInO6,0
RuKWCeO6,0
RuKWCsO6,0
RuKWInO6,0
RuRbWCeO6,0
RuRbWCsO6,0
RuRbWInO6,0
Sb2MnBO6,0
SbAgFeAuO6,0
SbBaAuZnO6,0.3191
SbBaReAuO6,0
SbBaTaPtO6,0.0293
SbBaTiAuO6,0
SbCrO3,0.0255
SbCsAuTaO6,0
SbCsWAlO6,0
SbCsWInO6,0.0539
SbGaO3,0.9045
SbHgTaAuO6,0
SbHgWAlO6,0
SbKAuTaO6,0
SbKPtTaO6,0.0125
SbKReAuO6,0
SbNaPtTaO6,0
SbNiO3,0
SbPbPtTaO6,0
SbPbRePtO6,0
SbPbWAlO6,0
SbPtWAlO6,0
SbRbPtTaO6,0.0124
SbRbReAuO6,0
SbRbTaAuO6,0
SbSrPtTaO6,0
SbTlPtTaO6,0.0246
SbTlTiTeO6,0
SbTlWAlO6,0
Sc2ErCoO6,0.1624
Sc2FeBO6,0.0232
Sc2InGaO6,0.8113
Sc2VTbO6,0.0332
ScAlO3,1.4229
ScAsO3,0
ScBaAuCdO6,0.784
ScBaPtCdO6,0
ScBO3,1.8033
ScCrO3,0
ScCsAuTaO6,0
ScCsHfSnO6,1.0583
ScCsHfTeO6,0
ScCsNbBiO6,0
ScCsTaBiO6,0
ScCsWInO6,0.0327
ScGaO3,1.3344
ScIrO3,0.0247
ScKReAuO6,0
ScMoAl2O6,0
ScMoO3,0
ScNbAl2O6,0.0408
ScNbO3,0
ScNiO3,0.012
ScRbPtTaO6,0
ScRbReAuO6,0
ScRhAl2O6,0.0785
ScRuO3,0
ScTaAl2O6,0
ScTaO3,0
ScTbAl2O6,1.7097
ScTiO3,0
ScTlAuTiO6,0
ScTlReAuO6,0
ScTmAl2O6,1.7471
ScVAl2O6,0
ScYAl2O6,1.7049
SiCsWInO6,1.5728
Sm2CoMnO6,0
Sm2CoPtO6,0
Sm2CoRuO6,0
Sm2CuMnO6,0.0214
Sm2CuSnO6,0.1246
Sm2CuTiO6,0.0091
Sm2DyErO6,1.6181
Sm2DyGaO6,2.1816
Sm2DyHoO6,1.5777
Sm2DyInO6,1.5846
Sm2DyLuO6,1.7286
Sm2DyTmO6,1.6594
Sm2DyYO6,1.5986
Sm2ErGaO6,2.2761
Sm2ErInO6,1.6786
Sm2ErLuO6,1.8066
Sm2ErTmO6,1.7388
Sm2HoErO6,1.659
Sm2HoGaO6,2.2297
Sm2HoInO6,1.6323
Sm2HoLuO6,1.7681
Sm2HoTmO6,1.6997
Sm2InGaO6,2.277
Sm2LiIrO6,0
Sm2LiOsO6,0.0957
Sm2LiRuO6,0.0173
Sm2LuGaO6,2.3997
Sm2LuInO6,1.8048
Sm2MgIrO6,0.0202
Sm2MgPtO6,1.6777
Sm2MnRhO6,0.0545
Sm2MnTiO6,0
Sm2NaIrO6,0.0289
Sm2NiMnO6,0.2275
Sm2NiPtO6,0.0167
Sm2NiRuO6,0
Sm2PrCrO6,0
Sm2PtErO6,0
Sm2PtHoO6,0
Sm2PtLuO6,0
Sm2ScGaO6,2.608
Sm2TbDyO6,1.4914
Sm2TbErO6,1.5744
Sm2TbHoO6,1.5335
Sm2TbLuO6,1.6859
Sm2TbTmO6,1.616
Sm2TlGaO6,1.3276
Sm2TmAlO6,2.4321
Sm2TmBO6,2.4719
Sm2TmCuO6,0
Sm2TmGaO6,2.3228
Sm2TmInO6,1.7258
Sm2TmLuO6,1.8457
Sm2VTbO6,0
Sm2YErO6,1.6779
Sm2YGaO6,2.2475
Sm2YHoO6,1.6388
Sm2YInO6,1.6575
Sm2YTmO6,1.7177
Sm2ZnPtO6,1.4429
SmAgO3,0
SmAlGa2O6,0.0002
SmAlO3,2.8784
SmAsO3,0
SmAuFeInO6,0
SmAuO3,0
SmBaCo2O6,0
SmBaFe2O6,0
SmBaGaAlO6,0.0195
SmBaMn2O6,0
SmBaMnInO6,0.0003
SmBaSeGaO6,1.2167
SmBO3,2.2243
SmCeAl2O6,0
SmCeCr2O6,0
SmCeO3,0
SmCoO3,0.8039
SmCrB2O6,0.0349
SmCrO3,1.7362
SmCsAl2O6,0
SmCsAlInO6,0
SmCsBInO6,0
SmCsFeInO6,0
SmCsGaAlO6,0
SmCsGeGaO6,0
SmCsMnTbO6,0.0376
SmCsSiInO6,0
SmCsVInO6,1.6438
SmCsWInO6,0
SmDyBMoO6,0
SmDyCr2O6,0.0206
SmErCr2O6,0.0337
SmEuAl2O6,0
SmEuGa2O6,0
SmFeO3,0.7235
SmGaAl2O6,0.0245
SmGdAl2O6,2.003
SmGdGa2O6,1.7081
SmHfO3,0
SmHoCr2O6,0.0267
SmHoO3,1.619
SmInAl2O6,0
SmInGa2O6,0
SmInO3,1.6221
SmIrO3,0
SmKGa2O6,0
SmLaBAlO6,3.3274
SmLaBInO6,2.8494
SmLaBMoO6,0
SmLaO3,0.4716
SmLuCr2O6,0.0605
SmMgNi2O6,0.0801
SmMgO3,0
SmMnO3,0
SmMoO3,0
SmNaGa2O6,0
SmNbO3,0
SmNdO3,0.8944
SmNiO3,0
SmOsO3,0
SmPbO3,0
SmPdO3,0.1159
SmPrGa2O6,2.7909
SmPtO3,0
SmReO3,0
SmRhO3,0
SmRuO3,0
SmScAl2O6,1.6801
SmScCr2O6,0
SmScO3,2.4068
SmSiO3,0
SmSnO3,0
SmTaO3,0
SmTbAl2O6,2.901
SmTbBMoO6,0
SmTbO3,1.4466
SmTcO3,0
SmTeO3,0
SmTiO3,0
SmTlAl2O6,0
SmTlGa2O6,0.0416
SmTlO3,0.4222
SmTmAl2O6,2.968
SmTmCr2O6,0.0423
SmTmGa2O6,2.8754
SmVB2O6,0
SmVO3,0
SmVRu2O6,0
SmVTm2O6,0
SmWO3,0
SmYAl2O6,2.8351
SmYbAl2O6,0.0192
SmYbCr2O6,0
SmYbGa2O6,0
SmYCr2O6,0.001
SmYGa2O6,2.7398
SmZrO3,0
SnCsGeTaO6,1.8806
SnCsPtTaO6,0.7537
SnCsReAuO6,0.0119
SnCsSiTaO6,2.3437
SnCsTaAuO6,0
SnCsVInO6,0.007
SnCsWAlO6,2.1147
SnCsWGaO6,2.4085
SnCsWInO6,2.5773
SnHgWAlO6,0.05
SnKPtTaO6,1.018
SnKReAuO6,0.0127
SnMgNi2O6,0.1264
SnRbPtTaO6,0.9328
SnRbReAuO6,0.0126
SnRbTaAuO6,0.0401
SnTlPtTaO6,0.2421
SnTlReAuO6,0.0123
SnTlWAlO6,0.8119
SnTlWGaO6,1.1645
Sr2AlNbO6,2.8384
Sr2AlSbO6,1.8987
Sr2AlTaO6,3.577
Sr2AuCeO6,0
Sr2AuGdO6,1.5976
Sr2AuLaO6,1.7903
Sr2AuPrO6,1.6369
Sr2AuTaO6,0.1109
Sr2AuTmO6,1.5242
Sr2AuYbO6,0
Sr2AuYO6,1.6106
Sr2BiLuO6,1.7333
Sr2BiSbO6,1.9364
Sr2BiTaO6,2.2349
Sr2CaMoO6,2.2564
Sr2CaOsO6,0
Sr2CaReO6,0.0393
Sr2CaTeO6,3.1741
Sr2CaWO6,3.2349
Sr2CdMoO6,2.1061
Sr2CdReO6,0.0071
Sr2CdTeO6,1.1319
Sr2CdWO6,3.543
Sr2CeHfO6,2.3311
Sr2CeIrO6,0
Sr2CeRuO6,0
Sr2CeTaO6,0
Sr2CeZrO6,2.3353
Sr2CoFeO6,0
Sr2CoIrO6,0
Sr2CoMnO6,0
Sr2CoMoO6,0
Sr2CoNbO6,1.5007
Sr2CoOsO6,0
Sr2CoReO6,0
Sr2CoRuO6,0
Sr2CoSbO6,0.2017
Sr2CoTaO6,1.5499
Sr2CoTeO6,0.0067
Sr2CoTiO6,0.0043
Sr2CoWO6,0
Sr2CrMnO6,0
Sr2CrMoO6,0
Sr2CrNbO6,2.2687
Sr2CrOsO6,0
Sr2CrReO6,0
Sr2CrRuO6,0.0062
Sr2CrSbO6,1.35
Sr2CrTaO6,2.8066
Sr2CrWO6,0
Sr2CuMoO6,0.0066
Sr2CuOsO6,0
Sr2CuTeO6,0
Sr2CuWO6,0
Sr2DyBiO6,2.6819
Sr2DyIrO6,0.0012
Sr2DyMoO6,0.0114
Sr2DyNbO6,2.8969
Sr2DyReO6,0
Sr2DyRuO6,0
Sr2DySbO6,3.4626
Sr2DyTaO6,3.4494
Sr2ErBiO6,1.8787
Sr2ErIrO6,0.0016
Sr2ErMoO6,0.0115
Sr2ErNbO6,2.8916
Sr2ErReO6,0
Sr2ErSbO6,3.4529
Sr2ErTaO6,3.4657
Sr2EuBiO6,0
Sr2EuIrO6,0
Sr2EuMoO6,0
Sr2EuNbO6,0
Sr2EuRuO6,0
Sr2EuSbO6,0
Sr2EuTaO6,0
Sr2FeBiO6,0.3496
Sr2FeIrO6,0
Sr2FeMoO6,0.1887
Sr2FeNbO6,1.7829
Sr2FeOsO6,0
Sr2FeReO6,0
Sr2FeRuO6,0
Sr2FeSbO6,1.6652
Sr2FeTaO6,2.0462
Sr2FeTiO6,0
Sr2FeWO6,0
Sr2GaNbO6,3.1367
Sr2GaOsO6,0.2073
Sr2GaReO6,0
Sr2GaSbO6,0.7291
Sr2GaTaO6,3.9113
Sr2GdBiO6,1.6993
Sr2GdIrO6,0
Sr2GdMoO6,0
Sr2GdSbO6,3.3665
Sr2GdTaO6,3.1037
Sr2HfNbO6,0
Sr2HfNiO6,0.5531
Sr2HfSnO6,3.7827
Sr2HfTaO6,0.0866
Sr2HfTiO6,2.4253
Sr2HoBiO6,1.9249
Sr2HoIrO6,0.0014
Sr2HoMoO6,0.0114
Sr2HoNbO6,2.891
Sr2HoReO6,0
Sr2HoRuO6,0
Sr2HoSbO6,3.4625
Sr2HoTaO6,3.4578
Sr2InBiO6,0.6187
Sr2InNbO6,3.4305
Sr2InOsO6,0.3809
Sr2InReO6,0
Sr2InSbO6,1.0652
Sr2InTaO6,4.0244
Sr2IrNbO6,1.2477
Sr2IrTaO6,1.4981
Sr2LaNbO6,3.0938
Sr2LaRuO6,0
Sr2LaSbO6,3.674
Sr2LaTaO6,3.5116
Sr2LiOsO6,0
Sr2LiReO6,1.6554
Sr2LuIrO6,0.0021
Sr2MgMoO6,2.2149
Sr2MgOsO6,0
Sr2MgReO6,0
Sr2MgTeO6,2.2371
Sr2MgWO6,3.2641
Sr2MnMoO6,0.0032
Sr2MnNbO6,0
Sr2MnReO6,0.2928
Sr2MnRuO6,0
Sr2MnSbO6,0
Sr2MnTaO6,0
Sr2MnTeO6,0.1731
Sr2MnTiO6,0.9952
Sr2MnWO6,1.6795
Sr2NaIO6,2.4174
Sr2NaOsO6,0
Sr2NaReO6,1.773
Sr2NbTlO6,2.5512
Sr2NdRuO6,0
Sr2NdSbO6,3.507
Sr2NdTaO6,3.3819
Sr2NiMoO6,2.2338
Sr2NiOsO6,0
Sr2NiReO6,0
Sr2NiWO6,0
Sr2PbMoO6,0.4282
Sr2PrRuO6,0
Sr2PrSbO6,3.4763
Sr2PrTaO6,3.37
Sr2PtCeO6,1.3337
Sr2PtTaO6,0
Sr2ReAuO6,0
Sr2RhNbO6,0.9707
Sr2RhSbO6,0
Sr2RhTaO6,1.1537
Sr2SbTaO6,1.2772
Sr2ScBiO6,1.7949
Sr2ScIrO6,0.0011
Sr2ScNbO6,2.6375
Sr2ScOsO6,0
Sr2ScReO6,0
Sr2ScSbO6,3.6096
Sr2ScTaO6,3.1341
Sr2SmBiO6,1.9436
Sr2SmIrO6,0
Sr2SmNbO6,3.0633
Sr2SmRuO6,0
Sr2SmSbO6,3.5285
Sr2SmTaO6,3.4072
Sr2TaTlO6,2.8271
Sr2TbIrO6,0.0007
Sr2TbNbO6,3.1054
Sr2TbReO6,0
Sr2TbRuO6,0
Sr2TbSbO6,3.5439
Sr2TbTaO6,3.4396
Sr2TiMoO6,0
Sr2TiNbO6,0.0068
Sr2TiPrO6,0.0018
Sr2TiRuO6,0.0151
Sr2TiTaO6,0
Sr2TiTbO6,0
Sr2TmBiO6,1.8205
Sr2TmIrO6,0.0019
Sr2TmReO6,0
Sr2TmRuO6,0
Sr2TmSbO6,3.4386
Sr2TmTaO6,3.4722
Sr2VDyO6,0
Sr2VErO6,1.3217
Sr2VHoO6,1.3259
Sr2VInO6,1.7975
Sr2VMoO6,0
Sr2VNbO6,0
Sr2VScO6,1.2145
Sr2VTaO6,0
Sr2VTlO6,1.5334
Sr2VTmO6,1.3153
Sr2VYO6,1.6134
Sr2YbBiO6,0
Sr2YBiO6,1.9724
Sr2YbIrO6,0
Sr2YbMoO6,1.9246
Sr2YbNbO6,0
Sr2YbReO6,0
Sr2YbRuO6,0
Sr2YbSbO6,0
Sr2YbTaO6,0
Sr2YIrO6,0.0013
Sr2YMoO6,0.0115
Sr2YNbO6,3.0999
Sr2YOsO6,0
Sr2YReO6,0
Sr2YRuO6,0
Sr2YSbO6,3.5122
Sr2YTaO6,3.4381
Sr2ZnMoO6,2.3108
Sr2ZnReO6,0.0135
Sr2ZnTeO6,0.9639
Sr2ZnWO6,3.4104
Sr2ZrHfO6,3.4242
Sr2ZrMnO6,1.506
Sr2ZrMoO6,0.0395
Sr2ZrNbO6,0
Sr2ZrSnO6,3.902
Sr2ZrTaO6,0.0838
Sr2ZrTiO6,2.3507
SrAgReAuO6,0
SrAgTaAuO6,0.0518
SrBaMnWO6,2.0186
SrCaAuTmO6,1.6197
SrCaCoTeO6,0.0078
SrCaFeSbO6,0.4409
SrCaLaRuO6,0
SrCaNiTeO6,0
SrCaPrRuO6,0
SrCaPtTaO6,0
SrCeO3,2.2876
SrCO3,0.0119
SrCoO3,0
SrCrO3,0
SrCsNbTbO6,0
SrCsReHoO6,0.0565
SrCsReInO6,0.0107
SrCsReTbO6,0.056
SrCsReYO6,0.0579
SrCsVTbO6,0
SrCsWAlO6,2.5262
SrCsWDyO6,2.4454
SrCsWErO6,2.4548
SrCsWEuO6,0
SrCsWInO6,2.9794
SrCsWTbO6,2.44
SrCsWTlO6,1.4003
SrCsWYbO6,0.0095
SrCsWYO6,2.4433
SrCuReAuO6,0
SrEuAuCeO6,0
SrEuAuTiO6,0
SrEuAuTmO6,0
SrEuLiTeO6,0
SrEuMoYbO6,0.1307
SrEuReAuO6,0
SrFeO3,0
SrFeReAuO6,0
SrGeO3,0
SrHfO3,3.7226
SrHgWAlO6,0.005
SrIrO3,0
SrKSmHfO6,0
SrLaFeTiO6,1.7674
SrLaFeVO6,1.2001
SrLaMgMoO6,0
SrLaMnFeO6,0
SrLaMnRuO6,0
SrLiWErO6,2.4556
SrLiWInO6,3.0127
SrLiWTbO6,2.4461
SrLiWYO6,2.4512
SrMnO3,0
SrMoO3,0
SrNaSbHfO6,3.2996
SrNbO3,0
SrNdFeTiO6,0.0066
SrOsO3,0
SrPbAuGdO6,1.5322
SrPbAuTiO6,0
SrPbO3,0.3311
SrPbReAuO6,0
SrPbSbScO6,3.3003
SrPbTaAuO6,0.106
SrPbTaBiO6,1.0745
SrPbTaScO6,3.2121
SrPbWAlO6,0
SrPrCoRuO6,0.0116
SrPrFeTiO6,0.0062
SrPrMgRuO6,0
SrPrNiRuO6,0.1724
SrPrO3,0.3872
SrPrZnRuO6,0.0049
SrRbSmHfO6,0
SrRuO3,0
SrSiO3,2.3831
SrSnO3,0.9698
SrTbO3,0
SrTcO3,0
SrTiO3,1.772
SrTmAuLuO6,0.0193
SrTmCrLuO6,0.0223
SrTmNbInO6,0
SrTmReAuO6,0
SrTmTaAlO6,0
SrTmWAlO6,0
SrVO3,0
SrVRu2O6,0
SrWO3,0
SrYbAuTiO6,0
SrYbAuTmO6,1.6889
SrYbNbInO6,3.5483
SrYbReAuO6,0.0165
SrYbTaAuO6,0.1142
SrYbWAlO6,0
SrYbWGaO6,0.012
SrZnReAuO6,0
SrZrO3,3.542
TaBaAl2O6,0
TaBaInCoO6,0
TaCsReAuO6,0
TaKReAuO6,0
TaLiReAuO6,0
TaMgFe2O6,0
TaMgNi2O6,0
TaMnTiAuO6,0
TaPbReAuO6,0
TaRbReAuO6,0
TaTlReAuO6,0
TaTlReSeO6,0
TaTlTiAuO6,0
Tb2DyErO6,1.6327
Tb2DyGaO6,2.196
Tb2DyHoO6,1.5916
Tb2DyInO6,1.5866
Tb2DyLuO6,1.7449
Tb2DyTmO6,1.6746
Tb2DyYO6,1.595
Tb2ErGaO6,2.2919
Tb2ErInO6,1.681
Tb2ErLuO6,1.8243
Tb2ErTmO6,1.7553
Tb2GdGaO6,1.3298
Tb2HoErO6,1.674
Tb2HoGaO6,2.2448
Tb2HoInO6,1.6344
Tb2HoLuO6,1.7852
Tb2HoTmO6,1.7155
Tb2InGaO6,2.2761
Tb2LuAlO6,2.5133
Tb2LuAsO6,0.0412
Tb2LuBO6,0.9718
Tb2LuGaO6,2.4179
Tb2LuInO6,1.8079
Tb2LuTlO6,1.2343
Tb2TlGaO6,1.2917
Tb2TlInO6,0.533
Tb2TmAlO6,2.4732
Tb2TmAsO6,0.024
Tb2TmBO6,2.519
Tb2TmGaO6,2.3396
Tb2TmInO6,1.7286
Tb2TmLuO6,1.8642
Tb2VHoO6,0
Tb2VInO6,0
Tb2VPrO6,0
Tb2YErO6,1.6944
Tb2YGaO6,2.2648
Tb2YHoO6,1.6547
Tb2YInO6,1.6613
Tb2YLuO6,1.803
Tb2YTmO6,1.7349
Tb2YVO6,0
TbAgO3,0
TbAlGa2O6,0.0004
TbAlO3,2.9238
TbAsO3,0
TbAuO3,0
TbBaAl2O6,0
TbBaGa2O6,0.0177
TbCaAl2O6,0.0192
TbCaGa2O6,0
TbCeO3,0
TbCoO3,0
TbCrAl2O6,0
TbCrB2O6,0.0458
TbCrO3,0.0142
TbDyAl2O6,2.9363
TbDyGa2O6,2.8418
TbDyO3,1.524
TbEuCr2O6,0
TbEuGa2O6,0
TbEuO3,0
TbFeO3,0
TbGaAl2O6,0.0249
TbGdAl2O6,2.0501
TbGdO3,0.0696
TbHfCo2O6,0
TbHfCr2O6,0
TbHfV2O6,0
TbInAl2O6,0
TbInGa2O6,0
TbIrO3,0
TbLaO3,0.0295
TbLuCr2O6,0.0591
TbLuO3,1.9312
TbMgFe2O6,0
TbMgNi2O6,0.1069
TbMnO3,0
TbMoAl2O6,0
TbMoGa2O6,0
TbMoO3,0
TbNbAl2O6,0.0112
TbNbGa2O6,0.0098
TbNbO3,0
TbNdGa2O6,2.8037
TbPbCr2O6,0.0043
TbPbO3,0
TbPdO3,0.13
TbPmO3,0.7127
TbPrO3,0.3225
TbPtO3,0
TbRhAl2O6,0.077
TbRhGa2O6,0.068
TbRhO3,0
TbRuO3,0
TbSbO3,0
TbScCr2O6,0
TbScO3,2.4475
TbSmCr2O6,0.0154
TbSmGa2O6,2.8097
TbSrAl2O6,0.0221
TbSrGa2O6,0
TbTaAl2O6,0
TbTaGa2O6,0
TbTaO3,0
TbTiO3,0
TbTlGa2O6,0.001
TbTlO3,0.4312
TbTmCr2O6,0.0406
TbTmGa2O6,2.8943
TbTmO3,1.796
TbVO3,0
TbYAl2O6,2.8595
TbYGa2O6,2.7616
TbYO3,1.6615
TcBaAuZnO6,0
TcCsReAuO6,0
TcHgWAlO6,0
TcKReAuO6,0
TcMgNi2O6,0
TcMgO3,0
TcRbReAuO6,0
TcTlReAuO6,0
TeAgMnAuO6,0
TeAgWGaO6,0
TeBaCoInO6,0
TeBaGaAlO6,0
TeBaTiAuO6,0
TeCeAuZnO6,0
TeCuReAuO6,0
TeLiReAuO6,0
TeMgFe2O6,0
TeMgNi2O6,0.046
TeNaReAuO6,0
TeNbMnAuO6,0
TeNdBInO6,0
TePbFeAuO6,0
TePrAuZnO6,0
TeYbAuZnO6,0
TiAuO3,0
TiBaAl2O6,0
TiBO3,0
TiCsReAuO6,0
TiIrO3,0
TiKReAuO6,0
TiOsO3,0
TiPdO3,0
TiPtO3,0
TiRbReAuO6,0
TiReO3,0
TiRhO3,0
TiRuO3,0
TiTcO3,0
TiWO3,0
Tl2SeMgO6,0
TlAgO3,0
TlAgRePtO6,0
TlAgReSeO6,0
TlAgWAlO6,0.0445
TlAgWMgO6,0
TlAsO3,0
TlAuO3,0
TlBaAuCdO6,0
TlBaAuHgO6,0
TlBaCoYO6,0
TlBaFeInO6,0
TlBaMnInO6,0
TlBaMoCaO6,0
TlBaMoCdO6,0
TlBaNbYO6,0
TlBaReAuO6,0.0152
TlBaTaAuO6,0
TlBaTiAuO6,0.0013
TlBaWAlO6,1.2247
TlBaZrAuO6,0
TlBaZrMnO6,0
TlBaZrTiO6,0.0008
TlBrO3,0
TlCaHfCoO6,0
TlCaHfFeO6,0
TlCaHfMnO6,0
TlCaHfNiO6,0
TlCaPtTaO6,0.2879
TlCaSeYbO6,0.0163
TlCaWGaO6,1.3789
TlCdHfCoO6,0
TlCdHfNiO6,0
TlCdWAlO6,0
TlCdWGaO6,0
TlCdWMgO6,0.0244
TlCeWMgO6,0.0633
TlCoO3,0
TlCrO3,0
TlCsAuLuO6,0
TlCsAuPrO6,0
TlCsAuScO6,0
TlCsAuTaO6,0
TlCsAuTiO6,0
TlCsAuTmO6,0
TlCsAuYO6,0
TlCsBiTmO6,0
TlCsBiYO6,0
TlCsHfPtO6,0
TlCsHfSiO6,0
TlCsHfSnO6,0
TlCsHfTeO6,0.4753
TlCsHfTiO6,0
TlCsHfZrO6,0
TlCsNbInO6,0.0001
TlCsNbScO6,0
TlCsNbTaO6,0.6638
TlCsNbTmO6,0
TlCsNbYO6,0
TlCsPtTaO6,0.0553
TlCsSbScO6,0
TlCsSbTmO6,0
TlCsSbYO6,0
TlCsTaBiO6,0.0302
TlCsTaPrO6,0
TlCsTaScO6,0
TlCsTaTeO6,0.0321
TlCsTaTiO6,0.0055
TlCsTaYO6,0
TlCsTiTeO6,0
TlCsVGdO6,0
TlCsVTmO6,0
TlCsWAlO6,0
TlCsZrSnO6,0.002
TlCsZrTiO6,0
TlCsZrVO6,0.0361
TlCuWGaO6,0.0519
TlDyCr2O6,0
TlErCr2O6,0
TlErO3,0
TlEuCr2O6,0
TlEuWAlO6,0.005
TlEuWMgO6,0
TlFeO3,0
TlGaO3,0
TlGdCr2O6,0
TlHgAuTiO6,0
TlHgMoMgO6,0
TlHgReAuO6,0.0641
TlHgTiTeO6,0
TlHoCr2O6,0
TlInO3,0
TlIO3,0
TlIrO3,0
TlKAuTaO6,0
TlKAuTiO6,0.0343
TlKHfTiO6,0
TlKPtTaO6,0.0361
TlKTaPrO6,0
TlKTaScO6,0.0014
TlKTaTmO6,0
TlKTaYO6,0
TlLiPtTaO6,0.0262
TlLuCr2O6,0
TlLuSeMgO6,0.2236
TlMnWAlO6,0.2183
TlMoO3,0.1482
TlNaAuTiO6,0.0145
TlNaPtTaO6,0.0312
TlNdCr2O6,0
TlNdMnInO6,0
TlNiO3,0
TlNiWAlO6,0
TlPbAuCdO6,0
TlPbMoMgO6,0
TlPbReAuO6,0.0127
TlPdO3,0
TlPdReAuO6,0
TlPmCr2O6,0
TlPtO3,0
TlRbAuScO6,0
TlRbAuTaO6,0
TlRbAuTiO6,0
TlRbBiYO6,0
TlRbHfTeO6,0.6061
TlRbHfTiO6,0
TlRbHfZrO6,0
TlRbNbInO6,0
TlRbNbYO6,0
TlRbPtTaO6,0.044
TlRbSbYO6,0
TlRbTaPrO6,0
TlRbTaScO6,0
TlRbTaTeO6,0.0277
TlRbTaTiO6,0
TlRbTaYO6,0
TlRbTiTeO6,0
TlRbWAlO6,0.0135
TlRbZrSnO6,0
TlRhO3,0
TlRuO3,0
TlSbO3,0.4975
TlSmCr2O6,0
TlSmMnInO6,0
TlSrHfFeO6,0
TlSrHfNiO6,0
TlSrNbInO6,0.0289
TlSrPtTaO6,0.2417
TlSrReAuO6,0.016
TlSrRePtO6,0
TlSrSeYbO6,0.0147
TlSrTaAlO6,0.0185
TlSrTaMgO6,0
TlSrTiAuO6,0.0247
TlSrWAlO6,1.0542
TlSrWGaO6,1.4863
TlSrWMgO6,0.019
TlSrWZnO6,0.0329
TlTbCr2O6,0
TlTiO3,0
TlTmCr2O6,0
TlTmNbScO6,1.2142
TlTmSeMgO6,0.0013
TlTmWMgO6,1.1702
TlVO3,0.0014
TlYbMoMgO6,0.0263
TlYbSeMgO6,0.0482
TlYbWMgO6,0.0236
TlYCr2O6,0
Tm2DyGaO6,2.0902
Tm2ErGaO6,2.2703
Tm2GdGaO6,1.0845
Tm2HoGaO6,2.1822
Tm2InGaO6,2.2743
Tm2LuGaO6,2.523
Tm2TaAlO6,0
Tm2TaGaO6,0
Tm2TbCrO6,0.0221
Tm2TlGaO6,1.0485
Tm2VBO6,0
Tm2YGaO6,2.1687
TmAgO3,0
TmAgReAuO6,0
TmAgTaAuO6,0
TmAgWMgO6,2.1195
TmAlGa2O6,0.0001
TmAlO3,3.0535
TmAsO3,0
TmAuO3,0
TmBaAuCdO6,0.7743
TmBaCoLuO6,0
TmBaHfCuO6,0
TmBaMoCdO6,0
TmBaTaGaO6,0
TmBaZrGaO6,3.0411
TmBaZrInO6,2.3311
TmBO3,2.754
TmCaPtTaO6,0
TmCaTaGaO6,0
TmCdHfCuO6,0.1019
TmCdReAuO6,0.0302
TmCdTaAuO6,0
TmCdWMgO6,0
TmCeO3,0
TmCoO3,0
TmCrB2O6,0.0571
TmCrO3,1.9289
TmCsAuTiO6,0
TmCsCrLuO6,0.0104
TmCsHfCoO6,0
TmCsHfFeO6,0
TmCsHfGeO6,2.881
TmCsHfMnO6,0
TmCsHfNiO6,0.0749
TmCsHfSiO6,2.9587
TmCsHfSnO6,2.5208
TmCsHfTcO6,0
TmCsHfTeO6,0.5859
TmCsHfTiO6,2.1854
TmCsMnAuO6,0
TmCsNbBiO6,0.7019
TmCsNbGaO6,2.7853
TmCsNbInO6,2.652
TmCsSbScO6,2.6734
TmCsTaAlO6,2.8215
TmCsTaBiO6,0.8087
TmCsTaInO6,2.6461
TmCsTaScO6,2.6445
TmCsVInO6,1.6136
TmCsWInO6,0
TmCsZrSnO6,2.4774
TmCuReAuO6,0
TmCuReSeO6,0
TmDyCr2O6,0.0453
TmErO3,1.0544
TmEuAl2O6,0
TmEuGa2O6,0
TmEuNbInO6,0
TmEuO3,0
TmEuTaAlO6,0
TmFeO3,0
TmFeReAuO6,0
TmGaAl2O6,0.0254
TmGdAl2O6,2.0962
TmHfO3,0
TmInAl2O6,0
TmInGa2O6,0
TmInO3,1.0542
TmIrO3,0
TmKHfGeO6,3.427
TmKPtTaO6,0
TmKTaInO6,2.8384
TmKTaTeO6,0
TmLaBMoO6,0
TmLaBVO6,0
TmLuCr2O6,0.0837
TmLuTaAlO6,0
TmMgNi2O6,0.1101
TmMgReAuO6,0
TmMgW2O6,0
TmMnAuTiO6,0
TmMnO3,0
TmMnReAuO6,0
TmMoO3,0
TmNaPtTaO6,0
TmNaReAuO6,0
TmNbO3,0
TmNdO3,0.2989
TmNiO3,0.0096
TmOsO3,0
TmPbO3,0
TmPdO3,0.1554
TmPrO3,0.3169
TmPtO3,0
TmRbAuTiO6,0
TmRbHfTeO6,0.4758
TmRbHfTiO6,2.2368
TmRbNbInO6,2.761
TmRbPtTaO6,0
TmRbTaAlO6,3.0492
TmRbTaBiO6,0.7087
TmRbTaInO6,2.7651
TmRbTaScO6,2.6698
TmRbZrSnO6,2.591
TmReO3,0
TmRuO3,0
TmSbO3,0
TmScCr2O6,0
TmSmO3,0.1647
TmSnO3,0
TmSrCoLuO6,0
TmSrHfCuO6,0.0968
TmSrHfFeO6,0
TmSrHfNiO6,0.1011
TmSrPtTaO6,0
TmSrSeYbO6,0.0065
TmSrTaGaO6,0
TmSrWGaO6,0
TmSrWMgO6,0
TmTaO3,0.0041
TmTbAl2O6,2.9893
TmTbBMoO6,0
TmTbBVO6,0
TmTcO3,0
TmTeO3,0
TmTiO3,0
TmTlAl2O6,0
TmTlAuTiO6,0
TmTlGa2O6,0.0158
TmTlO3,0.2995
TmTlPtTaO6,0
TmTlTaScO6,1.427
TmTlWAlO6,0
TmVB2O6,0
TmVEr2O6,0
TmVO3,0
TmWO3,0
TmYAl2O6,2.9227
TmYbAl2O6,0.0174
TmYbCr2O6,0
TmYbGa2O6,0
TmYbHfCoO6,1.222
TmYbNbInO6,0
TmYbReAuO6,0.018
TmYbSbScO6,0
TmYGa2O6,2.8236
TmYO3,0.9228
TmZnReAuO6,0.0372
TmZrO3,0
VAlO3,0
VBaEr2O6,0
VBaTm2O6,0
VBaY2O6,0
VBO3,0.0018
VCrO3,0
VCsWInO6,0.0141
VKRu2O6,0
VMgB2O6,0
VRbReAuO6,0
WBaAl2O6,0
WCsFeInO6,0
WDyAl2O6,0
WDyGa2O6,0
WNdAl2O6,0
WNdGa2O6,0
WSmAl2O6,0
WSmGa2O6,0
WTmAl2O6,0
WTmGa2O6,0
Y2DyErO6,1.5098
Y2DyGaO6,2.0812
Y2DyHoO6,1.4687
Y2DyLuO6,1.6227
Y2DyTmO6,1.5519
Y2ErGaO6,2.1768
Y2ErInO6,1.559
Y2ErLuO6,1.7023
Y2ErTmO6,1.6328
Y2GdGaO6,1.2253
Y2HoErO6,1.5512
Y2HoGaO6,2.1299
Y2HoInO6,1.5125
Y2HoLuO6,1.663
Y2HoTmO6,1.5928
Y2InGaO6,2.1612
Y2LuInO6,1.6861
Y2ScGaO6,2.5181
Y2SmGaO6,1.8431
Y2TbDyO6,1.3816
Y2TbErO6,1.4655
Y2TbHoO6,1.4242
Y2TbTmO6,1.5078
Y2TbVO6,0
Y2TlGaO6,1.3013
Y2TmGaO6,2.2245
Y2TmInO6,1.6068
Y2TmLuO6,1.7424
YAgO3,0
YAgReAuO6,0
YAgTaAuO6,0.1197
YAlGa2O6,0.0013
YAlO3,2.8028
YAsO3,0.0204
YAuO3,0
Yb2CrLuO6,0
Yb2CrTmO6,0
Yb2ReAuO6,0
Yb2TaAlO6,3.6689
Yb2VTmO6,1.278
Yb2WAlO6,0
YBaAuCdO6,0.7453
YbAgTaAuO6,0
YbAlO3,0
YBaZrAuO6,0
YbBaAuCdO6,0
YbBaHfAgO6,0.1874
YbBaHfAlO6,0
YbBaMoCdO6,2.0361
YbBaTaAgO6,0.1106
YbBaZrCoO6,0
YbBaZrCuO6,0
YbBaZrGaO6,0
YbBaZrInO6,0
YbBaZrNiO6,0.4933
YbBO3,0
YbCdAuTiO6,0
YbCdReAuO6,0
YbCdTaAuO6,0
YbCdWMgO6,0.4863
YbCoO3,0
YbCrB2O6,0
YbCrO3,0
YbCsAuLuO6,0
YbCsAuScO6,0
YbCsAuTaO6,0
YbCsAuTiO6,0.2737
YbCsBiTmO6,0.0258
YbCsHfGeO6,0
YbCsHfMnO6,0
YbCsHfPtO6,0.0022
YbCsHfSiO6,0
YbCsHfSnO6,0
YbCsHfVO6,1.1562
YbCsHfZrO6,0
YbCsNbBiO6,0.0692
YbCsNbInO6,0
YbCsNbTmO6,0.0189
YbCsPtScO6,0
YbCsSbScO6,0
YbCsSbTmO6,0.0218
YbCsTaAlO6,0
YbCsTaInO6,0
YbCsVTmO6,0.0189
YbCsZrSeO6,0.0072
YbCsZrSnO6,0.0237
YbEuNbInO6,0.5492
YbEuTaAlO6,0.2356
YbEuWAlO6,0
YbEuWMgO6,0.1509
YbFeO3,0
YbGaO3,0
YbHgAuTiO6,0
YbHgReAuO6,0
YbHgTaAuO6,0
YbKAuTaO6,0.0507
YbKAuTmO6,0
YbKHfGeO6,0
YbKHfZrO6,0
YbKTaInO6,0
YbLuCr2O6,0
YbMgFe2O6,0
YbMgReAuO6,0
YbMgW2O6,0
YbMnAuTiO6,0
YbMnO3,0
YbMnReAuO6,0
YbNaReAuO6,0
YbNiO3,0
YBO3,2.5252
YbPbAuCdO6,0.0227
YbPbReAuO6,0.0211
YbRbAuLuO6,0.0068
YbRbAuScO6,0
YbRbAuTaO6,0.0454
YbRbAuTiO6,0.2237
YbRbAuTmO6,0
YbRbHfZrO6,0
YbRbNbInO6,0
YbRbTaAlO6,0
YbRbTaInO6,0
YbRbZrSnO6,0
YbSrHfAgO6,0.1983
YbSrHfFeO6,0
YbSrHfNiO6,0.6517
YbSrTaAlO6,3.623
YbSrWMgO6,2.8278
YbSrWZnO6,2.6392
YbTbCr2O6,0
YbTiO3,1.8975
YbTlAuTiO6,0.0201
YbTlCrTmO6,0.1727
YbTlHfGeO6,0.0294
YbTlReAuO6,0.0173
YbTlTaAuO6,0
YbTlVTmO6,0.0133
YbTlWAlO6,0.9103
YbTlZrMnO6,0
YbTlZrSiO6,0.0196
YbTlZrTiO6,0
YbTmNbMgO6,2.9996
YbTmTaAlO6,0
YbTmWMgO6,0
YbTmZrGaO6,3.1249
YbVO3,0.1404
YbYAl2O6,0.0184
YCoO3,0.833
YCrB2O6,0.0474
YCrO3,1.7679
YCsAuScO6,0.9551
YCsAuTaO6,0.1095
YCsAuTiO6,0
YCsAuTmO6,1.2152
YCsBiTmO6,1.6858
YCsHfCoO6,0
YCsHfFeO6,0.0021
YCsHfGeO6,2.8961
YCsMoYbO6,1.9037
YCsNbBiO6,0.7678
YCsNbTmO6,2.2872
YCsTaInO6,2.8373
YDyCr2O6,0.0048
YDyO3,1.4268
YDySiMoO6,0
YErCr2O6,0.0176
YEuAl2O6,0
YEuReAuO6,0
YFeO3,0.6373
YGaAl2O6,0.0238
YGaO3,2.702
YGdAl2O6,2.045
YHoCr2O6,0.0107
YInAl2O6,0
YInGa2O6,0
YIrO3,0
YKReAuO6,0
YLuCr2O6,0.0445
YLuTaAlO6,0
YMnO3,0
YMoAl2O6,0
YMoGa2O6,0
YMoO3,0
YNaReAuO6,0
YNbAl2O6,0.0117
YNbGa2O6,0.0099
YNbO3,0
YNiO3,0
YPbAuCdO6,0.6475
YPbReAuO6,0
YPdAl2O6,0
YPdO3,0.1279
YPmO3,0.815
YRbAuTaO6,0.1127
YRbTaInO6,2.8993
YRhAl2O6,0.0772
YRhGa2O6,0.0681
YRuO3,0
YScCr2O6,0
YScO3,2.3337
YSmO3,0.972
YSrReAuO6,0.0219
YTaAl2O6,0
YTaGa2O6,0
YTaO3,0
YTbCr2O6,0
YTiO3,0
YTlAuTiO6,0
YTlCrTmO6,0
YTlGa2O6,0
YTlHfCoO6,0
YTlO3,0.3652
YTlVGdO6,0.8446
YTlWAlO6,0
YTmCr2O6,0.0259
YTmHfCoO6,0
YTmTaAlO6,0
YTmWMgO6,0
YVAl2O6,0
YVGa2O6,0
YVO3,0
YYbCoTmO6,0.0107
YYbCr2O6,0
YYbCrTmO6,0.0116
YYbGa2O6,0
YYbHfCoO6,1.1944
YYbHfCuO6,0.0992
YYbTaAlO6,0
YYbTaPtO6,0
YYbVTmO6,0
YYbWMgO6,0
ZnGeO3,0
ZnIrO3,0
ZnOsO3,0
ZnPbO3,0
ZnPtO3,0
ZnReO3,0
ZnRhO3,0
ZnRuO3,0
ZnSiO3,0
ZnTcO3,0
ZnTeO3,0
ZnTiO3,0
ZnWO3,0
ZrBaAl2O6,0.9668
ZrCsHfNiO6,0
ZrDyAl2O6,0
ZrMgFe2O6,0
ZrNdAl2O6,0
ZrSmAl2O6,0
ZrTmAl2O6,0
Ba2BiErO6,1.7293
Ba2BiHoO6,1.7854
Ba2BiLaO6,1.7697
Ba2BiNdO6,1.7565
Ba2BiScO6,1.5718
Ba2BiTbO6,1.7238
Ba2BiYO6,1.7585
Ba2NbAlO6,2.7822
Ba2NbBiO6,2.0675
Ba2NbPmO6,2.847
Ba2NbPrO6,2.8965
Ba2NbTbO6,2.8523
Ba2SbDyO6,3.4688
Ba2SbErO6,3.3776
Ba2SbGdO6,3.4839
Ba2SbHoO6,3.4155
Ba2SbLaO6,3.8812
Ba2SbTmO6,3.2858
Ba2SbYO6,3.5377
Ba2TaDyO6,3.3837
Ba2TaErO6,3.3934
Ba2TaGdO6,3.2148
Ba2TaHoO6,3.3782
Ba2TaInO6,3.9459
Ba2TaLaO6,3.449
Ba2TaNdO6,3.3164
Ba2TaPmO6,3.3216
Ba2TaPrO6,3.3056
Ba2TaSmO6,3.3634
Ba2TaTbO6,3.371
Ba2TaTmO6,3.4065
Ba2TaYO6,3.362
BaCaAuDyO6,1.424
BaCaAuErO6,1.4289
BaCaAuHoO6,1.4249
BaCaBiDyO6,1.9086
BaCaNbYO6,2.8545
BaCaSbDyO6,3.3728
BaCaSbTbO6,3.338
BaCaSbYO6,3.375
BaCaTaDyO6,3.3851
BaCaTaErO6,3.2878
BaCaTaGdO6,3.0059
BaCaTaHoO6,3.2001
BaCaTaTbO6,3.3798
BaCaTaTmO6,3.2919
BaCaTaYO6,3.2722
BaSrAuDyO6,1.4999
BaSrAuErO6,1.4482
BaSrAuGdO6,1.4914
BaSrAuHoO6,1.4969
BaSrAuNdO6,1.5169
BaSrAuPmO6,1.5073
BaSrBiDyO6,1.856
BaSrBiTbO6,1.9042
BaSrHfSnO6,3.7375
BaSrNbDyO6,2.8763
BaSrNbSmO6,2.8688
BaSrSbDyO6,3.471
BaSrSbErO6,3.39
BaSrSbHoO6,3.4072
BaSrSbTbO6,3.501
BaSrSbYO6,3.5348
BaSrTaDyO6,3.6609
BaSrTaErO6,3.6738
BaSrTaHoO6,3.4346
BaSrTaNdO6,3.5818
BaSrTaPmO6,3.4371
BaSrTaTbO6,3.4128
Ca2MoMgO6,1.8884
Ca2MoZnO6,2.0053
Ca2WMgO6,2.7099
Ca2WZnO6,2.5891
DyCsHfGeO6,2.7441
DyCsHfSnO6,2.7434
DyCsTaInO6,2.9779
DyKTaInO6,2.66
DyRbTaInO6,2.5177
ErCsHfGeO6,2.6028
ErCsHfTiO6,2.31
ErCsTaInO6,2.7512
ErCsTaScO6,2.71
ErKHfSnO6,2.6833
ErKTaInO6,2.9716
ErRbHfSnO6,2.6937
ErRbTaInO6,2.9226
HoCsTaInO6,2.8012
HoKHfSnO6,2.7262
HoKTaInO6,3.0133
HoRbHfSnO6,2.6402
HoRbTaInO6,2.9672
LaCsAuDyO6,0.9712
LaCsAuErO6,1.2129
LaCsAuHoO6,1.3167
LaCsAuNdO6,1.0164
LaCsAuPmO6,1.0111
LaCsBiDyO6,1.5441
LaCsBiErO6,1.5988
LaCsBiHoO6,1.523
LaCsBiNdO6,1.6012
LaCsBiPmO6,1.7012
LaCsBiSmO6,1.6864
LaCsBiTbO6,1.7613
LaCsMoYbO6,1.9314
LaCsNbDyO6,2.3821
LaCsNbErO6,2.2517
LaCsNbHoO6,2.4679
LaCsSbDyO6,2.2394
LaCsSbErO6,2.3243
LaCsSbGdO6,2.3481
LaCsSbHoO6,2.6347
LaCsSbPmO6,2.2964
LaCsSbTbO6,2.4387
LaCsTaDyO6,2.5917
LaCsTaErO6,2.5821
LaCsTaHoO6,2.5873
LaCsTaNdO6,1.9318
LaCsTaPmO6,1.6004
LaCsTaSmO6,2.2995
LaCsTaTbO6,2.4943
LaKAuDyO6,1.2519
LaKAuErO6,1.263
LaKAuHoO6,1.2563
LaKAuNdO6,1.6792
LaKAuPmO6,1.1967
LaKBiDyO6,1.9268
LaKBiGdO6,1.3817
LaKBiHoO6,1.604
LaKHfZrO6,2.7292
LaKNbYO6,2.1338
LaKSbDyO6,2.394
LaKSbTbO6,2.3726
LaKSbYO6,2.4149
LaKTaDyO6,2.7021
LaKTaErO6,2.6914
LaKTaHoO6,2.6981
LaKTaNdO6,2.2347
LaKTaPmO6,2.4893
LaKTaSmO6,2.5009
LaKTaTbO6,2.5052
LaKTaYO6,2.6815
LaRbAuDyO6,1.1248
LaRbAuErO6,1.1301
LaRbAuHoO6,1.1284
LaRbAuNdO6,1.5749
LaRbAuPmO6,1.5846
LaRbBiDyO6,1.4764
LaRbCeZrO6,2.0091
LaRbNbYO6,2.6438
LaRbSbDyO6,2.4867
LaRbSbTbO6,2.3775
LaRbSbYO6,2.6263
LaRbTaDyO6,2.6472
LaRbTaErO6,2.6351
LaRbTaHoO6,2.6406
LaRbTaNdO6,2.4415
LaRbTaPmO6,2.4507
LaRbTaSmO6,2.4544
LaRbTaTbO6,2.5989
LaRbZrSnO6,3.0143
LuCsHfSnO6,2.4826
NdCsAuDyO6,1.3901
NdCsAuErO6,1.3346
NdCsAuGdO6,1.57
NdCsAuTmO6,1.2977
NdCsAuYO6,1.2283
NdCsBiGdO6,1.94
NdCsBiYO6,1.8072
NdCsTaDyO6,2.9189
NdCsTaErO6,2.8209
NdCsTaGdO6,2.4087
NdCsTaHoO6,2.8216
NdCsTaInO6,2.9358
NdCsTaTmO6,2.8194
NdCsTaYO6,2.4979
NdKAuDyO6,1.1961
NdKAuErO6,1.2056
NdKAuGdO6,1.5076
NdKAuHoO6,1.2004
NdKAuLuO6,1.66
NdKAuTmO6,1.2084
NdKAuYO6,1.2013
NdKBiDyO6,1.5393
NdKBiGdO6,1.6169
NdKBiHoO6,1.534
NdKBiTmO6,1.5097
NdKBiYO6,1.8804
NdKHfSnO6,3.3158
NdKSbDyO6,3.1776
NdKSbErO6,3.1855
NdKSbGdO6,2.9468
NdKSbHoO6,3.1805
NdKSbTbO6,3.1416
NdKSbTmO6,3.1835
NdKTaDyO6,2.6654
NdKTaErO6,2.6726
NdKTaGdO6,2.0321
NdKTaHoO6,2.8697
NdKTaInO6,3.416
NdKTaTmO6,2.9728
NdKTaYO6,2.6482
NdRbAuDyO6,1.4592
NdRbAuErO6,1.565
NdRbAuGdO6,1.5118
NdRbAuHoO6,1.4618
NdRbAuLuO6,1.56
NdRbAuTmO6,1.0665
NdRbAuYO6,1.4583
NdRbBiDyO6,1.8968
NdRbBiTmO6,1.8534
NdRbBiYO6,1.9387
NdRbCeZrO6,1.9881
NdRbHfSnO6,3.1153
NdRbSbDyO6,3.0221
NdRbSbErO6,3.0304
NdRbSbGdO6,2.8664
NdRbSbHoO6,3.0279
NdRbSbTbO6,3.0096
NdRbSbTmO6,3.0232
NdRbTaBiO6,1.4405
NdRbTaDyO6,2.8983
NdRbTaErO6,2.8524
NdRbTaGdO6,2.4217
NdRbTaHoO6,2.8018
NdRbTaInO6,3.3192
NdRbTaTmO6,2.9502
NdRbTaYO6,2.7785
PmCsAuDyO6,1.3593
PmCsAuErO6,1.2059
PmCsAuGdO6,1.41
PmCsAuHoO6,1.3322
PmCsAuTmO6,1.2692
PmCsAuYO6,1.3965
PmCsTaDyO6,2.8392
PmCsTaErO6,2.7407
PmCsTaGdO6,2.2735
PmCsTaHoO6,2.741
PmCsTaInO6,2.8616
PmCsTaTmO6,2.7375
PmCsTaYO6,2.7187
PmKAuGdO6,1.5724
PmKAuYO6,1.1779
PmKHfSnO6,3.0196
PmKTaGdO6,2.4679
PmKTaTmO6,2.8949
PmRbAuGdO6,1.186
PmRbAuYO6,1.528
PmRbTaGdO6,2.4079
PmRbTaInO6,2.7696
PmRbTaTmO6,2.8251
PmRbVInO6,1.6981
PrCsAuDyO6,0.9194
PrCsAuErO6,0.862
PrCsAuHoO6,0.8921
PrCsAuLuO6,1.3456
PrCsBiDyO6,1.7019
PrCsSbDyO6,2.8011
PrCsTaDyO6,3.0009
PrCsTaErO6,3.0027
PrCsTaHoO6,3.0126
PrCsTaTbO6,2.9577
PrKAuDyO6,1.2153
PrKAuErO6,1.2263
PrKAuHoO6,1.2202
PrKAuLuO6,1.2355
PrKAuScO6,1.0629
PrKBiDyO6,1.575
PrKBiErO6,1.5605
PrKSbDyO6,3.2328
PrKSbErO6,3.2255
PrKSbHoO6,2.7224
PrKSbTbO6,3.1998
PrKTaDyO6,3.044
PrKTaErO6,3.0514
PrKTaHoO6,2.883
PrKTaYO6,3.0262
PrNdDyCoO6,0.885
PrNdErCoO6,1.1001
PrNdHoCoO6,1.0341
PrRbAuDyO6,1.5864
PrRbAuErO6,1.0938
PrRbAuHoO6,1.59
PrRbBiDyO6,1.837
PrRbBiErO6,1.8108
PrRbBiHoO6,1.8255
PrRbSbDyO6,3.0653
PrRbSbErO6,3.0721
PrRbSbHoO6,3.0714
PrRbSbTbO6,3.053
PrRbSbYO6,3.1067
PrRbTaDyO6,3.1772
PrRbTaErO6,3.0814
PrRbTaHoO6,3.0802
PrRbTaTbO6,3.0721
Sr2AuErO6,1.6117
Sr2AuNdO6,1.4731
Sr2BiErO6,1.9415
Sr2BiHoO6,1.7322
Sr2BiYO6,1.9724
Sr2MoZnO6,2.3108
Sr2SbErO6,3.4279
Sr2SbScO6,3.6629
Sr2SbTmO6,3.4207
Sr2TaInO6,4.0244
Sr2WMgO6,3.2641
Sr2WZnO6,3.4104
TbCsTaInO6,2.8148
TbCsVInO6,1.5037
TbRbTaInO6,2.6695
YCsHfSnO6,2.7726
